{"seq_len": 32, "num_hidden": 2, "hidden_size": 64, "lr": 0.001, "batch_size": 128, "grad_clip": 10.0, "nb_epoch": 50, "optimizer": "SGD", "crit": "MSE", "weight_decay": 0.0001, "dropout": 0.5, "logger_level": 20, "fragment": 0.3, "train_losses": [0.11492946564252653, 0.10524122720237952, 0.10134543609529284, 0.09960462965408162, 0.09868913237473473, 0.09789208094378811, 0.09755220324100561, 0.09706323533950739, 0.09675394994529647, 0.09646858443417142, 0.09622886679579865, 0.09590484347924515, 0.09568299319426618, 0.09544098107659038, 0.09511734462862638, 0.09498979173712994, 0.09500542799731594, 0.09471836686134338, 0.0945811267549069, 0.0944099787940931, 0.09441315435135185, 0.09430648034541451, 0.0940693825408442, 0.09411406790341564, 0.09394988777050421, 0.09384554714413744, 0.0939013284429833, 0.0936748821606588, 0.09370849910543193, 0.09355028688757863, 0.09341023293272335, 0.09341100169036856, 0.09323323008852388, 0.09314141871791388, 0.09315973449142734, 0.09308684632257001, 0.09318618993064266, 0.09299223922455131, 0.09284183281899697, 0.09288462513505515, 0.0928038771278295, 0.09269698282432316, 0.09282706790233976, 0.09268359690155815, 0.09256089284042616, 0.09265729350660315, 0.09263798085289385, 0.09246315941888483, 0.0925204567798418, 0.09251400637416983], "test_losses": [0.14309353818496068, 0.13730762094259263, 0.1376657332976659, 0.13879107266664506, 0.13965112845102945, 0.1402601287762324, 0.14071330895026524, 0.1409941632548968, 0.14107484449942906, 0.1410987804333369, 0.1410046754280726, 0.14069971670707068, 0.1405436208844185, 0.14029345115025837, 0.13999832848707836, 0.14007607539494832, 0.14005788256724674, 0.1400438799460729, 0.13991187701622645, 0.13989686797062556, 0.13992605318625767, 0.13981633335351945, 0.13970548768838248, 0.13959122101465862, 0.13942045907179515, 0.13927792270978293, 0.1392087396979332, 0.13926203380028407, 0.13932337661584218, 0.13925061702728272, 0.139061429699262, 0.13902372320493062, 0.13897036681572597, 0.1388776808977127, 0.13883650640646616, 0.1388017390171687, 0.13883919308582943, 0.13881370524565378, 0.13876732846101125, 0.1388165509700775, 0.13878395408391953, 0.13874180475870768, 0.13873944421609244, 0.1387101419766744, 0.13869408061107, 0.13859481712182362, 0.1385951910416285, 0.13855794697999954, 0.13846811453501384, 0.13842961102724075]}