{"seq_len": 32, "num_hidden": 2, "hidden_size": 1024, "lr": 0.001, "batch_size": 128, "grad_clip": 1.0, "nb_epoch": 50, "optimizer": "SGD", "crit": "MSE", "weight_decay": 0.0001, "dropout": 0.3, "logger_level": 20, "fragment": 0.3, "train_losses": [0.094460129737854, 0.09089953066715643, 0.08915139558776539, 0.08804409292025782, 0.08705149471160754, 0.0861822810005303, 0.08552925056548574, 0.08492369961049688, 0.08421533962889532, 0.08378069550173367, 0.08323338815015764, 0.08279503170569338, 0.08248800537244759, 0.08175311188901489, 0.08146289968161127, 0.08107238244171718, 0.0806546855586857, 0.08025768062277655, 0.07988016371002149, 0.07949288794068834, 0.07913815211411097, 0.07875117346943922, 0.07832158860474375, 0.07800997220840886, 0.07772555535462633, 0.07729920239454538, 0.07708738852835181, 0.07673200435150208, 0.07655749623499923, 0.07612611928102958, 0.07581231838569569, 0.07565451896370355, 0.0754522905128086, 0.07515469562243576, 0.07482823746363122, 0.07462166169255822, 0.0743555360703013, 0.07408054191712758, 0.0738750022634789, 0.07362335530956786, 0.07342812025816596, 0.07330762643610413, 0.07285553499606985, 0.0728377562821211, 0.07261333206490656, 0.07243060107207179, 0.07217085106888009, 0.07194045586651893, 0.07174250406760667, 0.07172205551859721], "test_losses": [0.13293842405080794, 0.135671177705129, 0.13374122162659963, 0.13293476819992064, 0.13236374517281851, 0.13142939845720927, 0.131645616988341, 0.13166099230448405, 0.13092301189899444, 0.1325587022304535, 0.13148881524801254, 0.1332436207930247, 0.13129023959239325, 0.13040097266435624, 0.13109447250763576, 0.13126882523298264, 0.13215581168731053, 0.13065036833286287, 0.13062472353378932, 0.1311707123120626, 0.1311919328570366, 0.1314276827375094, 0.13072154859701793, 0.13041432172060013, 0.13082816153764726, 0.13144814292589824, 0.12971042921145756, 0.13182095279296238, 0.13125585287809372, 0.1311558402578036, 0.1317713619271914, 0.1321509674191475, 0.13080057670672735, 0.13106843541065852, 0.13311015685399374, 0.1312195790807406, 0.13445045679807663, 0.13335730264584222, 0.13267533431450526, 0.13199044187863668, 0.13463398069143295, 0.13334634254376093, 0.1334919504324595, 0.1322538051009178, 0.1313741778333982, 0.13165529400110246, 0.13336305757363637, 0.13144197732210158, 0.13200403481721878, 0.13120710074901581]}