{"seq_len": 64, "num_hidden": 2, "hidden_size": 32, "lr": 0.001, "batch_size": 16, "grad_clip": 1, "nb_epoch": 50, "optimizer": "RMSprop", "crit": "MSE", "weight_decay": 0.1, "bidirect": true, "dropout": 0.4, "logger_level": 20, "fragment": 0.1, "features": "eh", "overlapping": false, "train_losses": [0.09615595148506652, 0.09533892966706399, 0.0953172612109855, 0.09531379772461449, 0.09530409621451631, 0.09532852891495232, 0.09528699734020325, 0.09527662153102759, 0.09533916514273554, 0.09532152050980483, 0.09531570099624366, 0.09527376436974731, 0.09532810067883576, 0.09533044246522447, 0.09530457658316359, 0.09528713324510982, 0.09531186696192202, 0.09526671757042293, 0.0953361283564269, 0.09532524372571236, 0.09529761678623556, 0.09532809151993321, 0.09533379572894073, 0.09529904833849455, 0.09530768426124415, 0.09531571650034201, 0.09528335080498215, 0.09532243700299649, 0.09530243690274584, 0.09532997087505511, 0.09529995687865797, 0.09531266383668821, 0.09531956867302314, 0.09531512427967408, 0.09527254085951917, 0.09535101264255814, 0.09524758047422463, 0.09534186490152842, 0.0953383700337139, 0.09529129745212593, 0.0952845885416561, 0.09534383256541051, 0.09530730694819507, 0.09529931283410574, 0.09532315387374404, 0.0953262858738789, 0.0952970814282839, 0.0953145545543044, 0.09531512831361078, 0.09529581473627072], "test_losses": [0.16099283772374168, 0.14098595026029548, 0.1423829664206747, 0.14242086960428257, 0.14211064081657962, 0.14214600100735117, 0.1431334259621988, 0.14313770316276453, 0.14178153029099333, 0.14253642723947613, 0.1429349490758126, 0.14310343276123105, 0.14092712323677722, 0.1430646659153972, 0.14282425738833276, 0.1417461971416691, 0.14162795211609244, 0.14219855199459241, 0.14184754413699135, 0.14244938074483485, 0.14313239407569625, 0.1411168812041355, 0.14157139177098493, 0.14280079244659638, 0.14250817059109053, 0.14295061806283021, 0.1427765155050355, 0.1424868578838213, 0.14256805983291665, 0.14131811321689391, 0.14214997965521015, 0.14224538804613393, 0.14186685638228044, 0.14231210538578518, 0.143189087888311, 0.14109496507547833, 0.14277207987562654, 0.14055373046906466, 0.14110004686310812, 0.14216743768925594, 0.14256882058636186, 0.14146279868892, 0.1420528498019664, 0.1417045968059961, 0.14179109108780846, 0.1420905771594362, 0.14236117683842703, 0.1417546184913156, 0.14181537820300474, 0.14241098162486468]}