{"seq_len": 32, "num_hidden": 2, "hidden_size": 256, "lr": 0.001, "batch_size": 128, "grad_clip": 1.0, "nb_epoch": 50, "optimizer": "SGD", "crit": "MSE", "weight_decay": 0.01, "dropout": 0.1, "logger_level": 20, "fragment": 0.3, "train_losses": [0.09818835897212053, 0.0949118114895557, 0.09339599524760366, 0.09229486196035117, 0.0913175525302863, 0.09071513295323405, 0.09007588489421049, 0.08952484328543121, 0.0891093439867149, 0.08875107181132139, 0.08840285301508016, 0.08813927734467253, 0.08785042803191659, 0.08758504310594731, 0.08731787224960087, 0.087072000057254, 0.08682602376269935, 0.08668581516149655, 0.08652324480327529, 0.08620424871917945, 0.0860302318355546, 0.08567504315220531, 0.08541439501709075, 0.08519517188545447, 0.08493694075238166, 0.08477254417823188, 0.08449769048160644, 0.08432265895245662, 0.08427979183107165, 0.08407186731771009, 0.08382199416358267, 0.08365110221819662, 0.08343578583032042, 0.0832088890686706, 0.08300875980949882, 0.08286033402285983, 0.0826672923250414, 0.08253576628976132, 0.08234702904320243, 0.08230579221368435, 0.0820720520375961, 0.0818360726437976, 0.08160734333884177, 0.08148313478459066, 0.08137937949680203, 0.08124283094651735, 0.08106828353662587, 0.08096119349625841, 0.08076139269911464, 0.08059221064325553], "test_losses": [0.13752280702193578, 0.13927085409561793, 0.13877595136562984, 0.13771015177170434, 0.13677384614944457, 0.13604656487703323, 0.1357708293199539, 0.13499278287092845, 0.13479572286208472, 0.1350191490848859, 0.1346068481604258, 0.13321289082368215, 0.13443472574154536, 0.13361642390489578, 0.13441502253214518, 0.1341099723180135, 0.13353181382020315, 0.13315386056900025, 0.13283053119977314, 0.1334032514691353, 0.13334321588277817, 0.13381134390830993, 0.13317553609609603, 0.13345290929079057, 0.13307976563771565, 0.1336123102903366, 0.13345301151275635, 0.13179381430149079, 0.1323370133837064, 0.13330476641654967, 0.13307305842638015, 0.13323103368282319, 0.13279356827338537, 0.13213950723409654, 0.13317048460245132, 0.1321854969859123, 0.1316796757777532, 0.13289414326349894, 0.13043293277422588, 0.1334388949473699, 0.1321681214372317, 0.13264649162689846, 0.13369486063718797, 0.13257436494032543, 0.13277102569739024, 0.13190459867318471, 0.13235506425301233, 0.13274508029222487, 0.1312134662270546, 0.130016332368056]}