{"seq_len": 64, "num_hidden": 2, "hidden_size": 32, "lr": 0.001, "batch_size": 16, "grad_clip": 1, "nb_epoch": 50, "optimizer": "RMSprop", "crit": "MSE", "weight_decay": 0.1, "bidirect": true, "dropout": 0.4, "logger_level": 20, "fragment": 0.1, "features": "visual", "overlapping": false, "train_losses": [0.09478438918358559, 0.09444783903615322, 0.09444904391275205, 0.09446858202676094, 0.09445355799558765, 0.09443804959054168, 0.09445308088567216, 0.09445915407068697, 0.09444960468737607, 0.09439131044755782, 0.09447603075547945, 0.09443277501014845, 0.09446961778666473, 0.09444296365040346, 0.09444039295605153, 0.09443457706729112, 0.094452556150899, 0.09443158845853254, 0.09445385994508088, 0.09443779865383872, 0.09445724276707351, 0.09445775829269937, 0.09444294416261316, 0.09444689257554925, 0.09445795993928964, 0.09443252347050834, 0.09445755986177393, 0.09441194058842742, 0.09442700732047159, 0.09447824698020497, 0.09444711864827227, 0.0944462362712748, 0.09444816145679855, 0.09446971216786344, 0.09445034434771263, 0.09440391213563136, 0.09448873576831955, 0.09443038929548107, 0.09445848493246445, 0.09444619212766144, 0.09445828112534935, 0.09445364348346327, 0.09442973818077288, 0.09448016739247622, 0.09441619126668095, 0.09446489233128827, 0.09446367947294992, 0.09443645993236861, 0.09446526709262117, 0.09446060920927336], "test_losses": [0.14530657886097273, 0.13875064125218367, 0.13823447781165843, 0.1383938866142694, 0.13859934991386336, 0.13880387674733466, 0.13850109789728512, 0.13893520574884366, 0.13836566665148373, 0.13901210239696019, 0.13708866951126739, 0.13829768929384686, 0.13802617024346656, 0.1385874577282649, 0.13847489533993193, 0.13922959827075754, 0.13833005616658836, 0.1381579999088636, 0.137200300993048, 0.13876250284123542, 0.1392721379468889, 0.13916827049957314, 0.13992250457330405, 0.13917045484339524, 0.13974508688534576, 0.13863731281557665, 0.13932444351881287, 0.13911703104143822, 0.13794638848092955, 0.13740875178636028, 0.1389922148306963, 0.13801403381497726, 0.13842605946935374, 0.13854983188022818, 0.1387398724779865, 0.13878561677363924, 0.1374237565749188, 0.1388839200744169, 0.1376104091251562, 0.13821122038939276, 0.13809256996902716, 0.1390334235003152, 0.13881800138405737, 0.1389363600971735, 0.1401582918872083, 0.13829658675919934, 0.13895427821402623, 0.13909137907064506, 0.13887560946233382, 0.13840193743935697]}