{"seq_len": 32, "num_hidden": 2, "hidden_size": 1024, "lr": 0.001, "batch_size": 128, "grad_clip": 10.0, "nb_epoch": 50, "optimizer": "SGD", "crit": "MSE", "weight_decay": 0.0001, "dropout": 0.1, "logger_level": 20, "fragment": 0.3, "train_losses": [0.09452589927007206, 0.08915272841800996, 0.08759300493115756, 0.08647663367154011, 0.08570802623602614, 0.08493260462679456, 0.08430917467453972, 0.08372043387674206, 0.08312237734471134, 0.08256555809147993, 0.08198376651385322, 0.08141430235238531, 0.08093126938121403, 0.08045355503882595, 0.07999045240819155, 0.07954631339590154, 0.07912012118490497, 0.07862468846329493, 0.07817290472475129, 0.07780184379624362, 0.07730223174819995, 0.07689859351171321, 0.0766669631228974, 0.07611948178716041, 0.07565255547363554, 0.07517429124844734, 0.074903262189435, 0.07451732686940749, 0.07422522549054131, 0.07385525363848437, 0.07345288540774854, 0.07311781301121016, 0.07280116595664815, 0.0722437867679488, 0.07201278022485762, 0.07167051594011747, 0.07143168804708437, 0.07105476519645158, 0.07068291078111034, 0.07037830360271224, 0.07009148245780313, 0.06989713750742188, 0.06949445053036489, 0.0692263260558622, 0.06893037375643025, 0.06876343292132694, 0.06858483816136667, 0.0682016176981243, 0.06799807279703006, 0.06770977244979173], "test_losses": [0.14360764841238657, 0.1350234000881513, 0.13436377575000127, 0.13338899582624436, 0.13348356356223423, 0.1329655705889066, 0.13204861253499986, 0.13241561581691105, 0.13203695038954416, 0.13213868697484335, 0.13206752757231394, 0.13192996094624201, 0.1318339252471924, 0.13112929354111352, 0.13169888615608216, 0.13164885769287746, 0.13157453447580336, 0.13202447851498922, 0.13213551978270213, 0.13266411960124969, 0.1316664460301399, 0.1304086259007454, 0.13151171604792278, 0.13184476405382156, 0.130915940006574, 0.13034197191397348, 0.13109479735294977, 0.1327619848648707, 0.1324577721953392, 0.13187765737374624, 0.13346478114525476, 0.1326398393511772, 0.13101051727930704, 0.1343113202850024, 0.13035828828811646, 0.13594488203525543, 0.13126254508892696, 0.13251875003178915, 0.13374445060888926, 0.1314204200108846, 0.1302525899807612, 0.13284819414218266, 0.13201126585404077, 0.13323432515064876, 0.13037848283847173, 0.1354704311490059, 0.13069891542196274, 0.1335835718115171, 0.1327086995045344, 0.13465754648049671]}