{"seq_len": 64, "num_hidden": 2, "hidden_size": 32, "lr": 0.001, "batch_size": 16, "grad_clip": 1, "nb_epoch": 50, "optimizer": "RMSprop", "crit": "MSE", "weight_decay": 0.1, "bidirect": true, "dropout": 0.4, "logger_level": 20, "fragment": 0.1, "features": "audio", "overlapping": false, "train_losses": [0.0937445650024336, 0.0929140915846549, 0.0929259504756831, 0.09292629916716173, 0.09290246454449748, 0.09285461119517885, 0.09293140207555482, 0.09291439156024672, 0.09287188377999386, 0.09294124659660465, 0.09285274425051346, 0.09291030933832847, 0.09292280109803801, 0.0929055916996016, 0.0928918852296753, 0.09289116593282347, 0.09289926350088018, 0.09293662858606533, 0.09291211082124526, 0.09288732641464484, 0.09291629665504302, 0.09289798525257148, 0.09291165003369999, 0.09291866609758495, 0.09287234294535107, 0.09289490981368431, 0.09286357122895116, 0.09285383448291835, 0.09292542297744796, 0.09290450969298221, 0.09290760040627738, 0.09288222222142137, 0.0929154517032163, 0.09288626183578044, 0.09288811506362549, 0.0928880760521558, 0.09293217336138089, 0.0929017080090983, 0.09290977780615663, 0.09291686529656136, 0.09291990979185223, 0.09287082134012083, 0.09290911497724079, 0.09291212814851074, 0.0928941801161665, 0.09292163773079139, 0.09288867482617641, 0.09286983731796745, 0.09291213987707403, 0.09293382394491823], "test_losses": [0.1903378241104523, 0.13885947929572334, 0.1393539570082868, 0.13978197240284856, 0.1412877249460535, 0.14169639621289248, 0.13787683171366677, 0.13999721022124217, 0.13981631557045854, 0.14006721432590244, 0.1402135101823032, 0.13982846818599604, 0.13971283354886294, 0.1403499713857767, 0.13958456295395866, 0.14026796076503503, 0.13945322903582288, 0.1392141020086211, 0.13971465122578713, 0.1400295244104366, 0.13979305364758834, 0.14059625070561008, 0.14024137497553366, 0.1410517581752714, 0.14088497874397918, 0.13883338123559952, 0.14165761075951727, 0.14148019651319774, 0.13967383252031307, 0.13994369130146686, 0.14035129834552706, 0.1402036756428365, 0.13987493817576296, 0.14155912652687372, 0.13923652375561332, 0.1413142537026841, 0.13943979019289696, 0.13988997197241954, 0.13974642031235138, 0.1394294082059473, 0.14120830338315915, 0.14105968060075935, 0.14001099194215638, 0.14004448275578205, 0.14011837269751554, 0.1395623265637964, 0.14070085655462924, 0.1397691899674193, 0.13995885531309293, 0.13913224796353257]}