{"seq_len": 1, "num_hidden": 0, "hidden_size": 32, "lr": 0.0001, "batch_size": 64, "grad_clip": 1, "nb_epoch": 25, "optimizer": "RMSprop", "crit": "MSE", "weight_decay": 1e-05, "bidirect": true, "dropout": 0.3, "logger_level": 20, "fragment": 1, "features": "all", "overlapping": true, "model": "FC", "train_losses": [0.22851768572992454, 0.17218946715859723, 0.14984837623552297, 0.13714983405817768, 0.13267999536232675, 0.12552536323489574, 0.12208736622906563, 0.11671339991794928, 0.11365437930769273, 0.11162572156613017, 0.11079403811148918, 0.1076495413182396, 0.10692994019988739, 0.10619320107019646, 0.10505599602116597, 0.10160686329294773, 0.10156928044871746, 0.0998954244826401, 0.09806918968745931, 0.0969797285230804, 0.09661621168952743, 0.09438434098560278, 0.09359034435697725, 0.09260725774529163, 0.09116951347990397], "test_losses": [0.27429049125841076, 1.2674001369543861, 2.518207481823432, 3.5259459830124382, 4.180823473137605, 4.597422777747302, 4.857406109097464, 5.114945317653728, 5.10074953976315, 5.089563711529697, 5.001489792722713, 4.75059601378666, 4.653583965632716, 4.542966963327073, 4.296655930178777, 4.112236441974019, 3.9362340051214217, 3.641663437705509, 3.483065223332428, 3.3412948010959633, 3.1169939609929536, 2.945419618804341, 2.760058337692949, 2.5309100131657916, 2.4247252068835983]}