{"seq_len": 1, "num_hidden": 0, "hidden_size": 128, "lr": 0.0001, "batch_size": 64, "grad_clip": 1, "nb_epoch": 25, "optimizer": "RMSprop", "crit": "MSE", "weight_decay": 1e-05, "bidirect": true, "dropout": 0.3, "logger_level": 20, "fragment": 1, "features": "all", "overlapping": true, "model": "FC", "train_losses": [0.24563246811639847, 0.19895049032728232, 0.1808665936816907, 0.16873553399696292, 0.15783437659221397, 0.14297113440095627, 0.13488802256832852, 0.1276476164006178, 0.12657409288271232, 0.11934162138974393, 0.11255775176890266, 0.11234971843023785, 0.10701188890356086, 0.10666727592149486, 0.10384744078020476, 0.10259222432849313, 0.10019344356638375, 0.09898758903920164, 0.09769605485682321, 0.09627954769428783, 0.0947685664175348, 0.09343284700942553, 0.09277041638636466, 0.09139115661769862, 0.08967142087789758], "test_losses": [0.23973565588651546, 1.269748727855815, 2.4745270694137567, 3.4171198228925883, 4.043816164758049, 4.439056843237777, 4.865104878547178, 4.9703464708022524, 5.029651392362346, 4.986332553888766, 4.963279017234298, 4.854682358740931, 4.724428515162904, 4.6906214249625835, 4.418396420450974, 4.186836699723723, 3.9746353288827314, 3.8333855749480055, 3.5748337171749616, 3.4076187632548405, 3.213864163867759, 3.048270862823571, 2.8914763182401657, 2.6572408063807496, 2.496487132331012]}