{"seq_len": 32, "num_hidden": 2, "hidden_size": 256, "lr": 0.001, "batch_size": 128, "grad_clip": 1.0, "nb_epoch": 50, "optimizer": "SGD", "crit": "MSE", "weight_decay": 0.0001, "dropout": 0.3, "logger_level": 20, "fragment": 0.3, "train_losses": [0.10024435728339094, 0.09436340349253698, 0.09244385781000607, 0.09118259114086927, 0.09023708449536233, 0.08955175751567486, 0.08904192918658856, 0.0885573066958231, 0.08818375633739346, 0.08779052364167257, 0.08756818873199386, 0.08723067533430742, 0.0870406356963081, 0.08674203222570707, 0.08656314591966083, 0.08629501539858142, 0.08609645944743899, 0.0858757646014942, 0.08562426920512214, 0.08553198957113764, 0.08527159357640013, 0.08506824207216052, 0.08483965593816048, 0.08467864218968243, 0.08445991152644756, 0.0842516833738466, 0.08404903282322476, 0.08394244552856714, 0.08375276149667088, 0.08351883621671093, 0.08336414071033947, 0.08309074914335605, 0.08305823346178735, 0.08282150597728077, 0.08269984791776043, 0.08247221268750915, 0.0822821823720956, 0.08223084618697814, 0.08207336004505206, 0.08198034291590878, 0.08173659088174302, 0.0816356109165067, 0.08150799883220664, 0.0813298026408682, 0.08117942017826003, 0.08106062961882682, 0.08081639904397817, 0.08074572266795528, 0.08066697089216816, 0.08049226069270667], "test_losses": [0.14044503539800643, 0.1377164856592814, 0.13662410924832027, 0.13657091776529948, 0.13602955251932144, 0.13560200581947962, 0.1353253072500229, 0.13477530201276144, 0.1347289193669955, 0.13431847115357717, 0.13353910356760024, 0.1338374622662862, 0.1340770748257637, 0.1334470381339391, 0.13394654542207718, 0.13326188266277314, 0.13363014459609984, 0.13348392804463705, 0.13320138345162075, 0.13234514385461807, 0.13297743131717046, 0.13257884939511616, 0.13239743560552597, 0.1322312624255816, 0.13260086317857106, 0.13235777487357459, 0.1326753498117129, 0.13341018507877986, 0.13256921291351317, 0.13187736650307974, 0.13307460476954777, 0.1321221379439036, 0.13271667857964833, 0.1323217472434044, 0.13178127864996592, 0.13256586372852325, 0.13213436524073283, 0.13178469429413478, 0.13200163692235947, 0.13222003748019537, 0.1325449816385905, 0.1325451163450877, 0.13326783418655397, 0.13317794094483057, 0.13231867382923762, 0.13365909526745479, 0.1325339789191882, 0.13232388377189636, 0.13271521300077438, 0.13201627602179844]}