{"seq_len": 40, "num_hidden": 2, "hidden_size": 512, "lr": 0.001, "batch_size": 128, "grad_clip": null, "nb_epoch": 100, "optimizer": "SGD", "crit": "MSE", "weight_decay": 0, "dropout": 0.4, "logger_level": 20, "fragment": 1, "train_losses": [0.09499351250655011, 0.09024377768698158, 0.08822771220196643, 0.08704849700577703, 0.08589273012258757, 0.08487360669534558, 0.08410465306911917, 0.08322294750597119, 0.08237730758052675, 0.08137520736193621, 0.08054161621526178, 0.07971116242441313, 0.07894018619732539, 0.07824651370099173, 0.07810291161192567, 0.0771252241081732, 0.07633934810344972, 0.07572141831263063, 0.07512821568026347, 0.07466669636743202, 0.07409298505877146, 0.07374714238057549, 0.07395778778991316, 0.0729640494630713, 0.07257384679680168, 0.07199813265279953, 0.07159411072821466, 0.07110336933663745, 0.07084960484246926, 0.07045204780871481, 0.06986937894060506, 0.06966945881727794, 0.06918701018194057, 0.0689348857482395, 0.06930850477880701, 0.06895558243230189, 0.06834590442094257, 0.06808111926877082, 0.06764665576141775, 0.06753271971921096, 0.06737482756918949, 0.06685181726081146, 0.06697665383878174, 0.06641334299795183, 0.0660368209826295, 0.06585816275300133, 0.06555005788735266, 0.06692582026847578, 0.06613145855132474, 0.06551646978250947, 0.06532187169143572, 0.06510713135707723, 0.0645427960444564, 0.06446245474930236, 0.06441522297507353, 0.06434515216818845, 0.06394112269268322, 0.06351339181090884, 0.06307601075116347, 0.06287413259490487, 0.06257832340036883, 0.06227397793771103, 0.062020715617197415, 0.06183041399556787, 0.06150142382547734, 0.06151348614728867, 0.061020081847261674, 0.061023649594242, 0.06094350441385835, 0.06080952784744669, 0.06063254311969094, 0.06004810089892701, 0.06012959005551382, 0.06051640385515954, 0.060155585803916854, 0.06135269853658126, 0.06003296417106446, 0.059204186113588006, 0.05911893797798113, 0.058861439341003685, 0.05834767224100363, 0.05845028965003302, 0.058238848976010796, 0.05798028475620497, 0.05924831312686793, 0.05869758929011493, 0.05831270056673536, 0.058075996322136184, 0.05776041942861988, 0.05792455892438954, 0.05752394688690197, 0.05698153685795338, 0.05750122836229924, 0.05675182089333922, 0.05657202595553738, 0.05661394199771928, 0.05609239498506638, 0.05594539185576084, 0.05567319923517194, 0.05619581510653445], "test_losses": [0.13774705762344022, 0.13868935045696074, 0.13529873399003858, 0.13466829488114004, 0.13481859156801815, 0.13469053477409385, 0.1340781882585537, 0.1305261260018714, 0.13246060682520752, 0.13366926146010238, 0.13215697914241784, 0.13217068268286605, 0.13272954679785237, 0.13198347621026538, 0.1283917571267774, 0.12935635702864778, 0.1282608343228217, 0.1324990577394924, 0.12951809567429365, 0.13241309786756192, 0.1308370450391404, 0.1364819304717164, 0.1482886606226525, 0.1339186437488083, 0.13198531938776856, 0.13156783145161405, 0.13084106973462528, 0.13907734947579523, 0.13297460693866014, 0.13097160114275833, 0.132121377564486, 0.13094513881350717, 0.1329741489983374, 0.13305277879079502, 0.16311535353381787, 0.12942668696444842, 0.13123110561601578, 0.13356032652119476, 0.1335223512724042, 0.15363923292006215, 0.13397813197826186, 0.13149260612384928, 0.13152727229340422, 0.1353728989319455, 0.13785848754548258, 0.13235233652014886, 0.1380839883800476, 0.14605228245378502, 0.13538800834888412, 0.1341929839803807, 0.13517581121695618, 0.1324161980000715, 0.14034604497494235, 0.1435663032856199, 0.13291562354612735, 0.13313518876149769, 0.13831341756327498, 0.1367834433011951, 0.13655046301503335, 0.1396983438922513, 0.13815484580493742, 0.1394259103183304, 0.13106146010179673, 0.14131213165819645, 0.14458579741298191, 0.14268783185510867, 0.14423345053388226, 0.13278157537382457, 0.13584183495972427, 0.1351439584226858, 0.1342111088696026, 0.13277535320770356, 0.13470371106579418, 0.1445674116032258, 0.13974190260013264, 0.13378110425847192, 0.13214158948751226, 0.13492370381831162, 0.13522052942144294, 0.13241411009502987, 0.13161088628393988, 0.1358203489874159, 0.1434189407755771, 0.1544396301671382, 0.13119346185797645, 0.13425184290615783, 0.14080905415598424, 0.1513990779978133, 0.13342839518501873, 0.1345222355617631, 0.1454804442041824, 0.13519902731622419, 0.15538951153716735, 0.13551501379979233, 0.13334382631846012, 0.13194172174459504, 0.14441930154158222, 0.14410546527154022, 0.1375743642809891, 0.13332794294241937]}