{"seq_len": 1, "num_hidden": 1, "hidden_size": 256, "lr": 0.0001, "batch_size": 64, "grad_clip": 1, "nb_epoch": 25, "optimizer": "RMSprop", "crit": "MSE", "weight_decay": 1e-05, "bidirect": true, "dropout": 0.3, "logger_level": 20, "fragment": 1, "features": "eh", "overlapping": true, "model": "FC", "train_losses": [0.09980563039780106, 0.09614132689872139, 0.09445980489364622, 0.09330788794033777, 0.09278226490861943, 0.09225560562946483, 0.09194156746279777, 0.0915795383282122, 0.09122156737055616, 0.09104850539230999, 0.09088138812556919, 0.09063481621903319, 0.09049281632249764, 0.09036518872315209, 0.09017755173329256, 0.09000232860822101, 0.08995365301104236, 0.08967064378842568, 0.08956043496617319, 0.0893842579012857, 0.08928805143304816, 0.08916646936312374, 0.08902395487594976, 0.08886740905382762, 0.08877682792051864], "test_losses": [0.14816810700220331, 0.13686777203978887, 0.1373009139942246, 0.13466199148246355, 0.13525690798227402, 0.1350819417840207, 0.1350082012993204, 0.13527376249906556, 0.1367581010931292, 0.13743608011669714, 0.13587767310870097, 0.1366751590599241, 0.13536006535142364, 0.13711846191769328, 0.1371796857750795, 0.13661419779477016, 0.13524807621511978, 0.137206615276531, 0.13643758986922902, 0.13653865384000907, 0.13602763951328356, 0.13620043985886318, 0.1367249268127483, 0.13692520940991093, 0.13805814506578634]}