{"seq_len": 64, "num_hidden": 2, "hidden_size": 32, "lr": 1e-05, "batch_size": 16, "grad_clip": 1, "nb_epoch": 50, "optimizer": "RMSprop", "crit": "MSE", "weight_decay": 0.01, "bidirect": true, "dropout": 0.3, "logger_level": 20, "fragment": 1, "features": "all", "overlapping": false, "train_losses": [0.13837576863995518, 0.13455089082918972, 0.1305300029645483, 0.12769333183406348, 0.1252277336386313, 0.1226817634719682, 0.12050845931811505, 0.11833950132131577, 0.116256700985762, 0.11369231020111635, 0.11259036834340498, 0.11037387088479766, 0.10872515380741601, 0.10714857522622649, 0.10568883072539985, 0.10462134964315288, 0.1028753652360784, 0.10164571221334388, 0.10034571242440178, 0.09947015223912446, 0.09849040169852326, 0.09718023590653775, 0.09641099348664284, 0.09565133341105587, 0.09478667764419532, 0.09375653774982476, 0.09324778665799692, 0.09230009206088192, 0.09186899576740093, 0.09100174455039473, 0.0906305042016937, 0.0899905525596745, 0.08966696814420712, 0.08923536898141884, 0.08866182615958064, 0.0880452435777848, 0.08753626546766384, 0.08727200683879566, 0.08669279910713794, 0.08629980889788594, 0.0861169294151197, 0.08568549506276486, 0.08527557731392872, 0.08477750968143165, 0.08465481069253152, 0.0844306933682367, 0.08399302606661636, 0.08355823365679707, 0.08342332343559668, 0.08289887087352305], "test_losses": [0.18466293956002883, 0.17872684136513742, 0.1757915536722829, 0.17333899174005754, 0.1710980842190404, 0.1689585790999474, 0.16699290443812648, 0.16515773054092162, 0.16337812427551515, 0.16174185876884767, 0.16020750254392624, 0.15875607416514428, 0.15736104884455282, 0.15604791886383487, 0.15484003434258123, 0.15368971709282167, 0.1526152563671912, 0.15162445724971832, 0.15069958327278013, 0.14984158041977114, 0.1490299358002601, 0.14829447625144834, 0.14761221649185305, 0.1470021252189913, 0.1464145719524353, 0.14587662897763715, 0.14541382438713504, 0.1450146532827808, 0.1445795528350338, 0.1441765667930726, 0.14382480781885884, 0.14352918223988625, 0.14324827564339485, 0.14299210809892224, 0.142760535642024, 0.14251456481795158, 0.14228396165755489, 0.14205773415104037, 0.14189336040327627, 0.1417245040497472, 0.14159434793456907, 0.1414584974127431, 0.141311073735837, 0.14117486222136405, 0.14106785049361567, 0.1409783012443973, 0.1408551816017397, 0.14078597267789225, 0.14070228703560367, 0.14061536351519247]}