{"seq_len": 64, "num_hidden": 2, "hidden_size": 128, "lr": 1e-06, "batch_size": 32, "grad_clip": 1, "nb_epoch": 100, "optimizer": "RMSprop", "crit": "MSE", "weight_decay": 1e-08, "bidirect": true, "dropout": 0.5, "logger_level": 20, "fragment": 1, "features": "all", "overlapping": false, "train_losses": [0.11445904647310574, 0.11080386312234969, 0.11149411222764424, 0.10861718157927196, 0.1085181071289948, 0.10894117273745083, 0.10743082527603422, 0.10740518836038453, 0.10652072674461774, 0.10473325192218735, 0.10587175332364582, 0.10497868806123734, 0.10350761686762174, 0.10358891529696328, 0.10365583117873896, 0.10191864538050834, 0.10302918723651341, 0.10178464172141892, 0.1010343013774781, 0.09979275995421977, 0.10049071464510191, 0.10033190658404714, 0.09966011913049788, 0.09798978233621233, 0.09788392244705132, 0.09808955980198723, 0.09746848312871796, 0.09667166632910569, 0.09651899497423853, 0.09673644034635454, 0.09615993783587501, 0.0967164680893932, 0.09665748476982117, 0.0959639133264621, 0.09547566977285203, 0.09507591791805767, 0.09496200723307473, 0.0947311639430977, 0.09393080252976645, 0.0943821281904266, 0.09470070348609061, 0.09427242202772981, 0.09460276853115786, 0.09322234367330869, 0.09295510429711569, 0.09249743695060413, 0.09233324061192218, 0.09222480113662425, 0.09218413045718557, 0.09286215333711534, 0.09159191449483235, 0.09151467361620494, 0.0918679679965689, 0.09080785761276881, 0.09127596091656458, 0.09116163991746448, 0.0904259765077205, 0.09063412577268623, 0.09076784027829057, 0.09098200171831108, 0.08979067924831595, 0.09059246611737069, 0.08945445822817939, 0.09017244362760157, 0.09044587816156092, 0.09009754719833533, 0.08924583806878045, 0.08860178016835735, 0.08894986295629115, 0.08882294967770576, 0.08870432472654752, 0.08898946953316529, 0.08838835438447339, 0.08972903589407603, 0.08829448256819021, 0.0882230419665575, 0.08924907046769347, 0.08913819012897355, 0.08885641857272103, 0.08807065320156869, 0.08783686586788722, 0.08776587984036832, 0.08844709449580737, 0.08811544946261815, 0.08728629164397717, 0.08830990677788145, 0.08768630630913235, 0.08879270298140389, 0.08792511817245256, 0.08816406831500076, 0.08722420391582307, 0.08812004221337182, 0.08840121222393853, 0.08686468102747485, 0.08764857763335818, 0.08743292270671754, 0.08663478209858849, 0.08681747929326125, 0.08622149111969131, 0.08762420030931632], "test_losses": [0.1355169820599258, 0.13440960552543402, 0.13393030362203717, 0.13360089622437954, 0.13319905661046505, 0.1329161054454744, 0.13265399355441332, 0.1324128918349743, 0.13217335287481546, 0.13198634749278426, 0.13187365187332034, 0.13165424251928926, 0.13146340660750866, 0.1314447270706296, 0.13126808544620872, 0.13123467564582825, 0.13112459145486355, 0.13105924567207694, 0.1310434816405177, 0.13103462383151054, 0.13101657573133707, 0.1310156756080687, 0.13097962830215693, 0.1310140280984342, 0.13097617449238896, 0.13102684868499637, 0.13105886289849877, 0.13106330716982484, 0.13103680266067386, 0.1310993144288659, 0.1311101228930056, 0.13118285592645407, 0.13119093840941787, 0.13124205637723207, 0.13124000234529376, 0.1313362647779286, 0.13136135786771774, 0.1313967304304242, 0.13144230842590332, 0.1315431445837021, 0.13164974469691515, 0.1317104483023286, 0.13182740192860365, 0.1319479546509683, 0.1319226287305355, 0.13211572635918856, 0.1321460003964603, 0.13227913342416286, 0.13233356410637498, 0.1324884337373078, 0.13258566847071052, 0.132666552439332, 0.1327327061444521, 0.1328487554565072, 0.13299937173724174, 0.13305378472432494, 0.13324510352686048, 0.1333223981782794, 0.13340012822300196, 0.1335238073952496, 0.13371795881539583, 0.13384256418794394, 0.13402394764125347, 0.13416375732049346, 0.1341994688846171, 0.1343345269560814, 0.13446374284103513, 0.1346000861376524, 0.13470513001084328, 0.13484746171161532, 0.13497414346784353, 0.1350500644184649, 0.13512889994308352, 0.1353299063630402, 0.13552799122408032, 0.1356373466551304, 0.13571674888953567, 0.1358446036465466, 0.13602243643254042, 0.13615808775648475, 0.13619551062583923, 0.13633250864222646, 0.1364122573286295, 0.13661241112276912, 0.1367466151714325, 0.13684758357703686, 0.13695971108973026, 0.13708292180672288, 0.1372173517011106, 0.13727931631729007, 0.1374678905121982, 0.13755873357877135, 0.13766744639724493, 0.13788129575550556, 0.13789119850844145, 0.13798340037465096, 0.138125816360116, 0.1382688982412219, 0.13835781952366233, 0.1383764110505581]}