{"seq_len": 32, "num_hidden": 2, "hidden_size": 1024, "lr": 0.001, "batch_size": 128, "grad_clip": 1.0, "nb_epoch": 50, "optimizer": "SGD", "crit": "MSE", "weight_decay": 0.01, "dropout": 0.5, "logger_level": 20, "fragment": 0.3, "train_losses": [0.09690849909830333, 0.09186054264480745, 0.0897716552992562, 0.08861844275315203, 0.08757748728121945, 0.0867806034696162, 0.08620606969349348, 0.08554195346844257, 0.08492343382320212, 0.08433667375664015, 0.08378076781729359, 0.08323432190633899, 0.08272158448121056, 0.08221706407303786, 0.081914759049164, 0.08137159060742986, 0.08105091818013982, 0.08075200354483858, 0.08028066626295971, 0.07991742999784311, 0.07961161734171249, 0.07924917194262222, 0.07901126241788792, 0.07868887085336537, 0.07834079371175574, 0.07803453965552488, 0.07767388999611888, 0.0775437296447742, 0.07720236472748032, 0.07690540802239174, 0.07683767471930489, 0.07663155450069126, 0.07636544157062942, 0.07621164586226545, 0.07600892552329068, 0.07579325156370599, 0.07557423719808684, 0.07540221027468318, 0.07521650983235943, 0.07500012421128738, 0.07487262652522356, 0.07474345073628066, 0.07440861443703498, 0.07439022382075464, 0.07421047072015216, 0.07408961234380253, 0.07382887255531459, 0.07391373118638393, 0.07349798663626964, 0.07357395571380404], "test_losses": [0.13333907117446264, 0.13404564013083775, 0.13300813128550848, 0.13267179697752, 0.130952521165212, 0.13145646621783574, 0.13098363439242044, 0.13040631771087646, 0.13081211358308792, 0.1306178746620814, 0.13038928399483363, 0.13029492348432542, 0.13148636758327484, 0.12981192390124002, 0.13043164253234862, 0.13021742900212604, 0.13058266590038936, 0.12973175207773843, 0.1288901056845983, 0.1294669611255328, 0.1308845402797063, 0.1294915783405304, 0.12895252813895544, 0.13192247201999027, 0.12876875003178914, 0.13065103967984518, 0.1309768005212148, 0.12829267452160517, 0.12886794279019037, 0.12703869213660557, 0.12825594554344813, 0.12813229421774547, 0.1288917389512062, 0.12930719514687855, 0.1297641211748123, 0.12817740092674892, 0.12876967748006185, 0.12651136885086695, 0.12795162071784338, 0.12815024564663569, 0.13031400392452877, 0.12962666859229405, 0.12851209511359532, 0.1295422104994456, 0.13036003549893696, 0.1275896887977918, 0.12776255985101065, 0.1267419887582461, 0.12754556546608606, 0.1303548965851466]}