{"seq_len": 32, "num_hidden": 2, "hidden_size": 64, "lr": 0.001, "batch_size": 128, "grad_clip": 1.0, "nb_epoch": 50, "optimizer": "SGD", "crit": "MSE", "weight_decay": 0.0001, "dropout": 0.1, "logger_level": 20, "fragment": 0.3, "train_losses": [0.11123509042376849, 0.1007519635423344, 0.09737555210913845, 0.0959558576794725, 0.09517034790923248, 0.09456743606969939, 0.09411618997104204, 0.09359652900965369, 0.09324898544567914, 0.09288098861524208, 0.09257550151953146, 0.09219483128893914, 0.09213905115073649, 0.09190750874616394, 0.09179992767883904, 0.09175632564566243, 0.09159714391632895, 0.09140892053519062, 0.09130891846801767, 0.09124126648483565, 0.09104344537060464, 0.09105133197864695, 0.09102768611967862, 0.09089548129532206, 0.09084440910037439, 0.09075317771440775, 0.09073548232340932, 0.09065812197162877, 0.09058935094119316, 0.09061024266870776, 0.09042501531953188, 0.09047900769279231, 0.09040328070296715, 0.09035191512736843, 0.09028749489904049, 0.09019808209122125, 0.09024616008877155, 0.09014784514754262, 0.09012230624206102, 0.09009211375635473, 0.090047455425538, 0.0900041195540572, 0.08996134562108984, 0.08994804105566974, 0.08988464545065435, 0.08988760992060954, 0.0898800352635096, 0.08987060765824725, 0.08973393626698298, 0.08971468748609025], "test_losses": [0.14337059567372004, 0.13708263138930002, 0.13763254483540852, 0.13859726279973983, 0.13937880496184032, 0.13964770009120306, 0.1397982348004977, 0.13966772586107254, 0.13942750136057536, 0.13935557643572488, 0.1390364772081375, 0.13903043329715728, 0.1388917976617813, 0.13907267491022746, 0.13888483365376791, 0.1390746533870697, 0.13899490088224412, 0.1387863047917684, 0.138688742518425, 0.1384039655327797, 0.13847280770540238, 0.13850572009881337, 0.13842212428649267, 0.13836271166801453, 0.13844157139460245, 0.13850824266672135, 0.1383135598897934, 0.1382783243060112, 0.13829672505458196, 0.13817111750443775, 0.1382317512234052, 0.13821977535883587, 0.13816889822483064, 0.13813073088725408, 0.13809397389491399, 0.1379235670963923, 0.13816171139478683, 0.1378390125433604, 0.1378528874119123, 0.13796248237291972, 0.13801957309246063, 0.13789020756880443, 0.13802008152008058, 0.13790442476669948, 0.13778057585159936, 0.1376465313633283, 0.13780099074045818, 0.1374248680472374, 0.13787687142690022, 0.13782823900381724]}