{"seq_len": 32, "num_hidden": 2, "hidden_size": 256, "lr": 0.001, "batch_size": 128, "grad_clip": 10.0, "nb_epoch": 50, "optimizer": "SGD", "crit": "MSE", "weight_decay": 0.0001, "dropout": 0.5, "logger_level": 20, "fragment": 0.3, "train_losses": [0.11058224752620237, 0.09962701576588741, 0.09695538133382797, 0.09520918295611089, 0.09405247028449074, 0.09303327372775005, 0.09232786069413525, 0.09163380114726685, 0.09124418583946611, 0.09070452519846921, 0.09034084700909092, 0.08998596361234559, 0.0895185217111554, 0.08946421660071043, 0.08893010439585201, 0.0886201100358412, 0.08842013941038793, 0.0881994836893513, 0.08795741795744728, 0.08778356408803308, 0.0875908427277402, 0.08734451515141443, 0.08717112868425235, 0.08700571134312068, 0.08673522875985908, 0.08652754562284479, 0.08630665758596592, 0.08623508363962173, 0.08596233136240561, 0.08574207939544515, 0.08559546028100067, 0.08551444169414703, 0.0853231372920113, 0.08517885825891591, 0.08490204511575364, 0.08476055095243694, 0.08467795583770503, 0.08449335710786694, 0.0843502085038166, 0.08421427808964073, 0.08399779050044678, 0.08381879857586856, 0.08370680116753482, 0.08349316091693226, 0.08342177304790248, 0.08320069803514672, 0.08296389675619614, 0.08283186951025047, 0.0827705941008563, 0.08246748535028055], "test_losses": [0.15149516741434732, 0.14029341419537864, 0.14103623300790788, 0.14043229699134827, 0.13929269601901373, 0.13859261592229208, 0.1383855606118838, 0.13787228455146153, 0.13769516875346502, 0.13701250056425732, 0.13717316031455995, 0.13781993269920348, 0.13677380015452703, 0.1372898151477178, 0.13594247510035834, 0.1367995403210322, 0.1361514589190483, 0.1362271429101626, 0.13594599266846974, 0.13568654557069143, 0.13545067141453426, 0.13555132190386454, 0.1352476755777995, 0.13562026997407278, 0.13487680206696193, 0.13588806360960007, 0.13643659015496573, 0.13568460901578266, 0.13595107823610306, 0.13519843995571137, 0.1363771923383077, 0.13410576989253362, 0.1338748895128568, 0.13393732676903405, 0.13479974498351416, 0.13408303479353587, 0.13474278738101322, 0.13523375352223715, 0.1341356459259987, 0.1340547310312589, 0.13445019255081814, 0.13434603095054626, 0.13436469594637554, 0.1353628229101499, 0.135861905614535, 0.13520961026350656, 0.13660910179217656, 0.13429904719193778, 0.13444286853075027, 0.1357563884059588]}