{"seq_len": 32, "num_hidden": 2, "hidden_size": 1024, "lr": 0.001, "batch_size": 128, "grad_clip": 100.0, "nb_epoch": 50, "optimizer": "SGD", "crit": "MSE", "weight_decay": 0.01, "dropout": 0.3, "logger_level": 20, "fragment": 0.3, "train_losses": [0.09757826016775926, 0.09199118299699909, 0.08992588340337553, 0.08863393273485366, 0.08760370662314208, 0.08685172281822368, 0.08599078209705688, 0.08530961209206125, 0.08457654370135398, 0.08385947118302685, 0.0832594183446774, 0.08277208975811101, 0.08207896875975719, 0.08163453559929403, 0.08118860067883928, 0.08068793008674928, 0.08003712587769907, 0.07969776578434748, 0.07916484724486893, 0.07869080858464217, 0.07838992688374304, 0.07787415649199006, 0.07752383837298532, 0.07708196718264465, 0.0765473804057543, 0.0762468839260801, 0.07583888580826059, 0.07573159319821314, 0.07518034374069928, 0.07498847288851762, 0.07457481380832855, 0.07429429548020339, 0.07383821200785326, 0.07349062465767764, 0.0735117910645116, 0.07324623045085663, 0.0726309689744633, 0.07259188161872739, 0.0722601994422812, 0.07187439267284906, 0.07188670745297293, 0.07142930129664628, 0.07137089945263599, 0.07100772387792717, 0.07087592196524442, 0.07061186839063563, 0.07020785418062953, 0.07009200624485112, 0.06989079665149277, 0.06968532766603944], "test_losses": [0.1348471040527026, 0.13520211786031722, 0.13496058950821557, 0.13608539919058482, 0.1337128515044848, 0.13314692070086798, 0.13303244471549988, 0.1327882507443428, 0.13301415224870047, 0.13299667139848073, 0.1332484723130862, 0.1316622006893158, 0.13098875512679417, 0.13145692656437555, 0.13317459334929785, 0.13212557295958202, 0.1309839121500651, 0.1348512742916743, 0.13137663861115773, 0.1304575863480568, 0.13203984787066778, 0.1310605898499489, 0.13275201390186944, 0.1342446681857109, 0.13077177007993063, 0.13301316052675247, 0.13076506346464156, 0.13124125003814696, 0.1355445444583893, 0.13426926811536152, 0.13280800054470698, 0.13303398629029592, 0.13185211310784023, 0.1328502357006073, 0.1345069106419881, 0.1319086347023646, 0.13326178471247355, 0.13288970877726872, 0.1312144222855568, 0.1318521840373675, 0.1329004250963529, 0.1345860649148623, 0.1318496099114418, 0.13234117011229196, 0.13357528269290925, 0.13577873786290487, 0.13173830896615982, 0.13316163102785747, 0.13080500920613608, 0.13570395986239114]}