{"seq_len": 32, "num_hidden": 2, "hidden_size": 256, "lr": 0.001, "batch_size": 128, "grad_clip": 10.0, "nb_epoch": 50, "optimizer": "SGD", "crit": "MSE", "weight_decay": 0.01, "dropout": 0.1, "logger_level": 20, "fragment": 0.3, "train_losses": [0.10168748158006811, 0.09645697002734371, 0.09438013330326607, 0.09306748975161931, 0.09212845792273182, 0.09142694281573271, 0.09075724311060641, 0.09026286983160517, 0.08967316300425697, 0.08937045149317938, 0.0889869380611271, 0.08868723811965491, 0.08841040427211541, 0.08812984412339464, 0.0879840837726042, 0.08754136050166796, 0.08736332030452076, 0.08722412754692624, 0.08687241661863111, 0.08677021825882658, 0.08660741300139595, 0.08635166111453693, 0.08613514037213134, 0.08601476723824314, 0.08573943389645174, 0.08569993610358119, 0.08536769739871648, 0.08531911038423902, 0.08498938428472035, 0.08498620125816096, 0.08472053785270182, 0.08470766223854755, 0.08446911415412797, 0.08440653141119972, 0.0842770084963372, 0.0840461734850802, 0.08386525013788261, 0.08372751971585067, 0.08362570073661493, 0.08349787144355439, 0.08333326512994478, 0.08318067862460361, 0.08302851773835906, 0.08292951124097833, 0.08275768887158015, 0.08252639825170363, 0.0824917707236568, 0.08223286155030955, 0.08221112390109642, 0.08201469698143964], "test_losses": [0.13589996794859568, 0.13779795159896216, 0.13706042339404423, 0.1363896773258845, 0.13570170054833094, 0.13568900207678478, 0.13541714439789454, 0.13501511335372926, 0.13472169448932012, 0.13430086990197498, 0.13450115938981375, 0.1342947100599607, 0.1338621907432874, 0.13373174756765366, 0.13287313789129257, 0.1333857266108195, 0.13304153591394424, 0.13327001223961513, 0.13299075623353324, 0.1325526084502538, 0.13279075880845387, 0.13229224493106206, 0.13327030569314957, 0.13236236502726872, 0.13281468709309896, 0.13242552876472474, 0.13237424651781718, 0.13220595061779022, 0.13172810554504394, 0.1315285751223564, 0.1325572708249092, 0.13307932058970134, 0.13190799991289776, 0.13247661262750626, 0.13205651809771857, 0.13190109809239706, 0.13236248463392258, 0.13120962639649708, 0.13321489145358403, 0.1320519009232521, 0.13215331117312112, 0.13139221479495367, 0.13176438271999358, 0.13178697735071182, 0.13116314550240835, 0.13111355543136596, 0.13163210988044738, 0.13165391921997072, 0.13222831745942434, 0.13021448572476704]}