{"seq_len": 32, "num_hidden": 2, "hidden_size": 1024, "lr": 0.001, "batch_size": 128, "grad_clip": 100.0, "nb_epoch": 50, "optimizer": "SGD", "crit": "MSE", "weight_decay": 0.01, "dropout": 0.1, "logger_level": 20, "fragment": 0.3, "train_losses": [0.09689919291129663, 0.09113280830820601, 0.08933604617214683, 0.08787054778193709, 0.08683573888923654, 0.08614545566352767, 0.08537812396210043, 0.08481279554678567, 0.0841624857717423, 0.08371611860529263, 0.08314146153890907, 0.08255572809870519, 0.08221030759451976, 0.0816860762073766, 0.08117244501209739, 0.08070903503565333, 0.08040436463964046, 0.0799700178617808, 0.07969078444056775, 0.0791953976954048, 0.07885088947550137, 0.07848037476066369, 0.07808659716167642, 0.07766825720742719, 0.07726337210317354, 0.07698564392388166, 0.07667708449327766, 0.07632746764613156, 0.07599628941347851, 0.07580126561786062, 0.07542416979394966, 0.0751044257501861, 0.07488427191373691, 0.07450741001559262, 0.07411278814227137, 0.07414911829646509, 0.07393773143465196, 0.07351916644666064, 0.07326603853073552, 0.07307384281077577, 0.07272077325600476, 0.07247261521429872, 0.07220179930179563, 0.07194274796837538, 0.07171124890072261, 0.07169231703158599, 0.07153222243764892, 0.07097821804371911, 0.07074528861435214, 0.07055176762704873], "test_losses": [0.14596330295006435, 0.1363946318626404, 0.13460669686396917, 0.13466052899758021, 0.1338137272000313, 0.13397469580173493, 0.13495224773883818, 0.133400719165802, 0.1337580704689026, 0.13359406421581904, 0.13316817472378412, 0.13348600735267002, 0.13404037098089855, 0.13206779191891352, 0.13142679870128632, 0.13329707423845927, 0.132436550060908, 0.1319968421260516, 0.13301816324392954, 0.1316054211060206, 0.13190509210030238, 0.131587217549483, 0.13208559344212215, 0.13260297159353893, 0.13310503751039504, 0.13402254631121954, 0.13207470188538234, 0.1368339283267657, 0.13224281509717306, 0.1336337082584699, 0.13147152523199718, 0.1339000020424525, 0.13593049287796022, 0.13269570698340735, 0.13372590670982998, 0.13696846981843314, 0.1320222172141075, 0.13088776797056198, 0.13261493424574533, 0.13270035396019617, 0.13374823113282522, 0.1345184051990509, 0.1314687368273735, 0.13392924120028812, 0.13397552241881688, 0.13236759781837462, 0.13239266097545624, 0.13457866181929906, 0.13118162443240483, 0.1344054498275121]}