{"seq_len": 60, "num_hidden": 2, "hidden_size": 1024, "lr": 0.001, "batch_size": 128, "grad_clip": 10.0, "nb_epoch": 100, "optimizer": "SGD", "crit": "MSE", "weight_decay": 0, "dropout": 0.4, "logger_level": 20, "fragment": 1, "train_losses": [0.09216575720526289, 0.08622523856144713, 0.08361889094617876, 0.08136836131505336, 0.07926586211963732, 0.07736108765097624, 0.07560042807468988, 0.07378304445867165, 0.07221114250921434, 0.07081261169617444, 0.06944532110463089, 0.06821784349058264, 0.06729686374671631, 0.06625071557069886, 0.06533597523601191, 0.0644360184783943, 0.06355178181637085, 0.06267838792935494, 0.06203542874636738, 0.06118008122420348, 0.06044622060890022, 0.05966619640222526, 0.05958913262080853, 0.058430553409635745, 0.05785119341838012, 0.057619798127361524, 0.05706985263917853, 0.05620985930233324, 0.05565699370157334, 0.0551347410257694, 0.05467997446724896, 0.05402467819288396, 0.053895626577638814, 0.053085188402832925, 0.05275924675475617, 0.052183243433176645, 0.05164160316784261, 0.05109484548667609, 0.050784177557435084, 0.05054763443596352, 0.0499363805062943, 0.04994505975172267, 0.04937720856130032, 0.049316616771819956, 0.04895419273210744, 0.048473051621846154, 0.04797412399002301, 0.04787004491837893, 0.04744954334540484, 0.04714392859219772, 0.04666411740485058, 0.046375644346055345, 0.04606397797320662, 0.04568506063129495, 0.04527325386871024, 0.044977986152225195, 0.04462611610026953, 0.04419674296304011, 0.04395390166893899, 0.04364817018424677, 0.04347017382238684, 0.04314403606724629, 0.04277363382337097, 0.042562847931264185, 0.042225779556367436, 0.041896746575420356, 0.04164506302153643, 0.04147698766281528, 0.04113332170724136, 0.04083990061315157, 0.040618999905529474, 0.04031800424620029, 0.04017005835340778, 0.03994199065935044, 0.03961202909972536, 0.03942321112147674, 0.039304162354169905, 0.03911415432592691, 0.038758618903050227, 0.03846999161094198, 0.03827725081903411, 0.038058482888748385, 0.03782448927641556, 0.037629806998825295, 0.03756489498274667, 0.037204036357513584, 0.03687737956814777, 0.036691275586913444, 0.03667185799191533, 0.03632464330248569, 0.036249369010901485, 0.036191075568168946, 0.03585571766231558, 0.03567154545869146, 0.03548859371109858, 0.035158775311919035, 0.03506377710175404, 0.035136425538638036, 0.03482450485321051, 0.034599980365158774], "test_losses": [0.14487002020686623, 0.1333637928999052, 0.13123995674456038, 0.13014742937999044, 0.13057640785487687, 0.12977449317288592, 0.12721238775951108, 0.130505215558337, 0.12841793064906346, 0.1296075686388384, 0.1313236087136637, 0.12863915949696447, 0.13300766671697298, 0.13853564713059402, 0.13289914252917942, 0.13608450163912966, 0.13057056853805132, 0.12802247530440006, 0.13620548870989946, 0.13037918102208193, 0.13193546668664227, 0.1271175080077435, 0.13213766581280445, 0.13746823945908043, 0.13190419850795249, 0.13001592569356044, 0.1343243505836018, 0.13404847221161292, 0.13675492166019068, 0.13656371274614723, 0.1314996649942747, 0.13395774409901806, 0.1334042246869909, 0.13317595186029993, 0.13261569309525373, 0.12971175095535875, 0.128671916277428, 0.13903324054629823, 0.131618516595383, 0.13037062681666234, 0.1339771497722079, 0.13320481268371023, 0.14622170590167125, 0.13459122002245935, 0.13131148819395197, 0.145204770976935, 0.13296296932106097, 0.13527406449240398, 0.1396484572773542, 0.12699817302750377, 0.13282146111009566, 0.1308547173876588, 0.13465016529085191, 0.1385752701359551, 0.13307024111471524, 0.12872717202436634, 0.1372233535034385, 0.1394715310657412, 0.14198474804075753, 0.13564733673280815, 0.1292069089121935, 0.12998462353295426, 0.1385884139595962, 0.1317069755215955, 0.13788364170406892, 0.13726574573211553, 0.1363780615412123, 0.13965991003120817, 0.13609112408466456, 0.13555914736012134, 0.14034363760696195, 0.14140820627411207, 0.1340115590975052, 0.14215235557498002, 0.13400029003377853, 0.13475759145690175, 0.13405323658532242, 0.14786275724569956, 0.14076096612990388, 0.13980702786305085, 0.1309991108511037, 0.12969952231136764, 0.14269986179301408, 0.13651758144662632, 0.15527420139651957, 0.1368290234993144, 0.13114257099303772, 0.13263510328119363, 0.13301833737187269, 0.1368492696646268, 0.1356756599937997, 0.13384033324636094, 0.13569190577278292, 0.1368462943388679, 0.1355809474863657, 0.13475790023197973, 0.1312324452569814, 0.13583685475878599, 0.13148820018622934, 0.1420500792441814]}