{"seq_len": 64, "num_hidden": 3, "hidden_size": 512, "lr": 0.0001, "batch_size": 64, "grad_clip": 1, "nb_epoch": 25, "optimizer": "RMSprop", "crit": "MSE", "weight_decay": 1e-05, "bidirect": true, "dropout": 0.3, "logger_level": 20, "fragment": 1, "features": "all", "overlapping": true, "model-with-CNN": false, "train_losses": [0.007143004666185164, 0.002551665066996839, 0.002034651502944997, 0.0017107850119944387, 0.0015850243582325673, 0.0014948774579745963, 0.001440387029051551, 0.0013831445268528946, 0.0013840326843661283, 0.0013713108726618568, 0.001287555809372043, 0.0013296757235467284, 0.0013033164867260229, 0.0013057291824320398, 0.0012687433866004766, 0.001283026803701037, 0.0012223411327047138, 0.001267765353543925, 0.0011419415611519732, 0.0012717323871641543, 0.0011895006963892054, 0.0012107032780084926, 0.0011960756021909824, 0.001118932053375378, 0.0012135640353011757], "test_losses": [0.14012716253821086, 0.12706582016044138, 0.1267182082089533, 0.12823842784537803, 0.13090136056944213, 0.1281130036487113, 0.13475697217490182, 0.12510133279741661, 0.12839275546933385, 0.13017872830211752, 0.13050473616467959, 0.13377711009954968, 0.13277904768218335, 0.13133511470740777, 0.12999254116094283, 0.1368391980282401, 0.13023468407436203, 0.13300018252277568, 0.13231232868556822, 0.13058843116167848, 0.12773759537158333, 0.1337602890709267, 0.13287846091565678, 0.13494354287682142, 0.1292520680610857]}