{"seq_len": 32, "num_hidden": 2, "hidden_size": 64, "lr": 0.001, "batch_size": 128, "grad_clip": 10.0, "nb_epoch": 50, "optimizer": "SGD", "crit": "MSE", "weight_decay": 0.0001, "dropout": 0.1, "logger_level": 20, "fragment": 0.3, "train_losses": [0.11184067631037391, 0.10366162298312738, 0.10089959005764382, 0.09935549931160768, 0.09845273956731336, 0.09765305759469468, 0.09708591063867263, 0.09647249452882077, 0.09592733528446312, 0.09547422751409923, 0.09502837496187219, 0.094460468683111, 0.0940094838040558, 0.09354004192741672, 0.09326020897782628, 0.09287938711481478, 0.09266206064266176, 0.09241866425203918, 0.09221950779907667, 0.09202920870116009, 0.09201164753293273, 0.09185475979618092, 0.09158334720074832, 0.0915540877973015, 0.09135639603862811, 0.09121916285861077, 0.09107695890581188, 0.09105599671602249, 0.09084941330716838, 0.09081231286028522, 0.09068576336356264, 0.09060332894175496, 0.09054479736778605, 0.09052285716761296, 0.09036472417301868, 0.09028922070061142, 0.09013526999021894, 0.09010330950794508, 0.08999792838366187, 0.0900383040159192, 0.08999849062169617, 0.08994669774219619, 0.08984118078521748, 0.08967489569480695, 0.08968866534119276, 0.08970141957453148, 0.0895815186913888, 0.08959977384937469, 0.08954753921409349, 0.08941418685056457], "test_losses": [0.15496050576368967, 0.14661857922871907, 0.14498864670594533, 0.1445357644557953, 0.14415129830439885, 0.14392398019631703, 0.14339162031809488, 0.14297807574272156, 0.14267649491628012, 0.14211017946402232, 0.1417822907368342, 0.1412821392218272, 0.14079577018817266, 0.14043854236602782, 0.14050940016905467, 0.14023233224948248, 0.1399350933233897, 0.13990071068207424, 0.1399658836921056, 0.1398789604504903, 0.13981913695732753, 0.1395861764748891, 0.13952647844950358, 0.13935599803924562, 0.13919206658999125, 0.1391407706340154, 0.13911486754814784, 0.13902525266011556, 0.13893557528654735, 0.1389326278368632, 0.13886134177446366, 0.13876290798187255, 0.1387430269519488, 0.13865819573402405, 0.1386600669225057, 0.13858070621887844, 0.13857793420553208, 0.13851502587397893, 0.1384899139404297, 0.13841600249210995, 0.1384241948525111, 0.13829438209533693, 0.1382301073273023, 0.13811437865098317, 0.13817614068587622, 0.13816571642955144, 0.13814229100942613, 0.13808327625195185, 0.13802298466364543, 0.13787181804577509]}