{"seq_len": 32, "num_hidden": 2, "hidden_size": 256, "lr": 0.001, "batch_size": 128, "grad_clip": 1.0, "nb_epoch": 50, "optimizer": "SGD", "crit": "MSE", "weight_decay": 0.0001, "dropout": 0.5, "logger_level": 20, "fragment": 0.3, "train_losses": [0.10512569445611245, 0.09919631679603202, 0.0972009634402529, 0.09584698511577731, 0.09487621849355986, 0.09411796934940109, 0.093491260205681, 0.09293010415294063, 0.09258995485964731, 0.09214031344382607, 0.09175422102512426, 0.09143731821721522, 0.09130234544600674, 0.09106081544454374, 0.09076797913516586, 0.09075905783242316, 0.09041739206517761, 0.09024591174856503, 0.09024313028583575, 0.09014494503712535, 0.08982017782315536, 0.08979427421362556, 0.0896277332949878, 0.08953255984052341, 0.08929307781272199, 0.08916569036904291, 0.08921501321259455, 0.08911164842508545, 0.08895235433800136, 0.0888022309796295, 0.08870479756563752, 0.08859542255575334, 0.08849504810931096, 0.08836998191460892, 0.08825462809459649, 0.08813482062451204, 0.0881228561901567, 0.08803954780401296, 0.08793407599979909, 0.0878104738254643, 0.0876438597488643, 0.08755905315953882, 0.08751222577376581, 0.08729911655487127, 0.08732325276687516, 0.0872723067825164, 0.0871058873195744, 0.087061470739506, 0.08693217474911082, 0.08688232617162579], "test_losses": [0.14089678963025412, 0.13702169915040335, 0.1375570912162463, 0.1373981123169263, 0.13704219609498977, 0.13659385204315186, 0.13619202355543772, 0.13601015826066334, 0.13568272978067397, 0.13564587006966272, 0.13525817602872847, 0.13543709248304367, 0.13491697738567987, 0.134964486459891, 0.13471612205108008, 0.1349911367893219, 0.13471007784207661, 0.13488346378008526, 0.1352171927690506, 0.1344392032424609, 0.13464253882567087, 0.1347414806485176, 0.13454065193732578, 0.13407310257355373, 0.13409915059804917, 0.13418391714493433, 0.13418341775735218, 0.1343385722239812, 0.13429048120975495, 0.1347014621893565, 0.13401278773943584, 0.13426187127828598, 0.13385253340005876, 0.13345624377330145, 0.13423555413881938, 0.13340909123420716, 0.13391085604826608, 0.1339684271812439, 0.1333629329005877, 0.13291157225767772, 0.13295442054669063, 0.13328108966350555, 0.13371539245049158, 0.13323378851016363, 0.1330672386288643, 0.13359576523303984, 0.13291879723469416, 0.13286582897106805, 0.13278361270825068, 0.13411772549152373]}