{"seq_len": 32, "num_hidden": 2, "hidden_size": 1024, "lr": 0.001, "batch_size": 128, "grad_clip": 100.0, "nb_epoch": 50, "optimizer": "SGD", "crit": "MSE", "weight_decay": 0.0001, "dropout": 0.1, "logger_level": 20, "fragment": 0.3, "train_losses": [0.09408861121640133, 0.08926716821277561, 0.08751615934336006, 0.08632778552309353, 0.08541929081606506, 0.0847080209521792, 0.08393134524924072, 0.08327537063677706, 0.08265284033276928, 0.08211816596475678, 0.0815198459667177, 0.08105542357243485, 0.08051669313080946, 0.07995266609605234, 0.07958910228619025, 0.07914570443818916, 0.07863742100009367, 0.07818312156739546, 0.0777746988226421, 0.07732772347915112, 0.07692083884872983, 0.07660028461984654, 0.07607626501264883, 0.07573404719107714, 0.0753374721798765, 0.07499876232752249, 0.07461650619030598, 0.07431726105249108, 0.07398689461488221, 0.07352014458808467, 0.07335948959067838, 0.07299606936361322, 0.07253087875456667, 0.07243658605981712, 0.07211299860222854, 0.07189844996111477, 0.0716196285869608, 0.07126652595385834, 0.07121638320948011, 0.0708578388632542, 0.07053228804663797, 0.0704054638144359, 0.0703088652398718, 0.06990179097532627, 0.06982525175989572, 0.06965862422357852, 0.06913759132575749, 0.0690489342277074, 0.06878813814802386, 0.0685558539426806], "test_losses": [0.13122432559728622, 0.13364501665035883, 0.13253648241360982, 0.13203906695048015, 0.13096554587284723, 0.13231399208307265, 0.13086284339427948, 0.13088353008031844, 0.13102587193250656, 0.13116897851228715, 0.13153702199459075, 0.1296223533153534, 0.12874946226676307, 0.13076528638601304, 0.12929243147373198, 0.1295549417535464, 0.1301284130414327, 0.13034391234318415, 0.12843328565359116, 0.13008721927801767, 0.13249566386143366, 0.13512533644835154, 0.128524768948555, 0.1288913854956627, 0.12900377968947094, 0.1308671615521113, 0.13212816993395488, 0.1324757543206215, 0.12975190510352452, 0.13076244533061981, 0.12815723955631256, 0.13029827465613683, 0.12999526302019754, 0.13004883567492168, 0.13241184631983438, 0.13108994056781134, 0.13026982555786767, 0.13086665193239846, 0.1302910715341568, 0.13004157751798628, 0.13097876767317454, 0.12980474571386974, 0.13117246041695277, 0.13194232841332754, 0.12906056543191274, 0.13513709882895153, 0.1322814687093099, 0.1311539559563001, 0.13397480537494025, 0.13060415546099344]}