{"seq_len": 40, "num_hidden": 2, "hidden_size": 32, "lr": 0.001, "batch_size": 128, "grad_clip": null, "nb_epoch": 100, "optimizer": "SGD", "crit": "MSE", "weight_decay": 0, "dropout": 0.4, "logger_level": 20, "fragment": 1, "train_losses": [0.10798416472688792, 0.09624949902612631, 0.09500247260275804, 0.09467531539420619, 0.0943385696021645, 0.09410705190146276, 0.09376081409376562, 0.09331678424725855, 0.0929862418238848, 0.09316470594977753, 0.09283417739166294, 0.09249829699331966, 0.09231654261782969, 0.09219344030381696, 0.09226149371478916, 0.09206454248954747, 0.09182092155667647, 0.09176203433836899, 0.09164007079868107, 0.09150391014657451, 0.09146398297978822, 0.09150029055220224, 0.09124209992417978, 0.09126659928169525, 0.09109821924388589, 0.09101681813755962, 0.09090800026264918, 0.09091017282199064, 0.09088972438132456, 0.09073226295739457, 0.09065402900073706, 0.09057238456907601, 0.09061546869044601, 0.09044462145618495, 0.09043235123745408, 0.09054496899043664, 0.09091842208447695, 0.0903069590061496, 0.0902434968487084, 0.09030395885293509, 0.090265237970761, 0.09011206432204688, 0.08994766449123305, 0.08994752067467693, 0.08983676986520112, 0.09011424452699551, 0.08988551767217914, 0.08977833513470086, 0.08969581193871491, 0.08968779296587379, 0.08960865838778218, 0.08974053317254158, 0.08957357102035572, 0.08952946436332825, 0.08971457221801074, 0.08948139057173896, 0.08936155413889378, 0.08928954882239173, 0.08928329850602132, 0.089267259602165, 0.08917767040103629, 0.08920632461043518, 0.08921124101001685, 0.08912962213814349, 0.08900030467190041, 0.08920902157363472, 0.08894263852913391, 0.0888682943874792, 0.08887619051477436, 0.08876900097329808, 0.08868926981172902, 0.08896074294817828, 0.08864945250143592, 0.08879898592535751, 0.08864220253252658, 0.08859164277671049, 0.08851806278169518, 0.0884167443457793, 0.0888424251731683, 0.08836185167881354, 0.08832747702329943, 0.0883746844955207, 0.08828195887695495, 0.08826468846504895, 0.08822335537992225, 0.08822815602416334, 0.08816055742647833, 0.088357195416423, 0.08820367507263453, 0.08795427476735687, 0.08809082352518131, 0.08792211933906596, 0.08776214787501938, 0.08774701405559668, 0.08781355767537682, 0.0877602982570803, 0.08796113553105066, 0.08754816971300947, 0.08756481104266119, 0.08743618523959235], "test_losses": [0.15241942596772023, 0.13964342980855896, 0.1418756838707674, 0.14239712080527697, 0.14257831063361898, 0.14204606326717523, 0.14137757389295486, 0.14107463349618257, 0.14055065348023368, 0.1402710122807372, 0.14034996812622394, 0.14025594182913342, 0.13984706060540292, 0.1397549430689504, 0.13968879032519557, 0.13932144978354055, 0.13942926446156156, 0.13921978069289076, 0.13892057405844813, 0.1391532368537399, 0.1389298601857116, 0.13880158978844842, 0.1389434765423498, 0.13869646687300935, 0.13878470830499165, 0.13860745740032965, 0.1386407179637782, 0.13849906322936859, 0.13843968129085918, 0.1384023844054149, 0.13823377776650653, 0.13819945282152585, 0.13823291361932794, 0.1383289087924265, 0.13814130329316662, 0.13810533546512166, 0.13783781464782455, 0.13818513902444993, 0.13797187775133118, 0.13781705718006818, 0.13789665377548627, 0.13778193270967853, 0.1379924241994177, 0.13805241942886384, 0.13784781828402512, 0.13789598475540837, 0.13780574164082926, 0.1377597241812656, 0.13787796267218166, 0.13765637702759234, 0.13780747317979414, 0.13781557406388945, 0.137865288994245, 0.137682041573909, 0.1378597759551579, 0.1379021377332749, 0.13755878758045934, 0.13781481536646042, 0.13768781111725875, 0.1377064701349985, 0.13762254000551277, 0.13729806409607972, 0.1382305136310958, 0.13765730471500465, 0.13752308716216394, 0.1384212739405132, 0.13741571777650424, 0.13747551141967695, 0.1372163186090127, 0.13726254528568638, 0.137310856532666, 0.13729096949100494, 0.13732740346101985, 0.13737358903932956, 0.13752626312235672, 0.1364389246089324, 0.137162834676283, 0.13773255596958822, 0.13754538723057316, 0.13763381841201935, 0.13746565484231518, 0.13727642223238945, 0.13772856134680972, 0.13809089876350858, 0.1367441793423026, 0.13747196284032637, 0.13735440481574304, 0.13802951327975718, 0.1373002436612883, 0.1366103073702224, 0.1374526825102587, 0.13830246142442187, 0.1372749541976279, 0.1373583931295622, 0.13743961764679802, 0.1372276199380717, 0.13694551064362448, 0.13765617030402344, 0.13754872034393972, 0.13756999953259383]}