{"seq_len": 1, "num_hidden": 1, "hidden_size": 256, "lr": 0.0001, "batch_size": 64, "grad_clip": 1, "nb_epoch": 25, "optimizer": "RMSprop", "crit": "MSE", "weight_decay": 1e-05, "bidirect": true, "dropout": 0.3, "logger_level": 20, "fragment": 1, "features": "fcth", "overlapping": true, "model": "FC", "train_losses": [0.10058685676170528, 0.0911757109995099, 0.0898807672721506, 0.08909090593700597, 0.08848372964380667, 0.0879593971721225, 0.08756406352466004, 0.08705723318309366, 0.08686628018705687, 0.08659218055899265, 0.0863142406627392, 0.08606113902754313, 0.08581776494947113, 0.08556820928176509, 0.08536839175419003, 0.08506438434787741, 0.08475541206161093, 0.08425956281384629, 0.08403965179775942, 0.08369271064753787, 0.08349003433993152, 0.08325439338097328, 0.08308213737633552, 0.0828488730972753, 0.08261046965717826], "test_losses": [0.17034087681154134, 0.1329264865806752, 0.1337737102305913, 0.13442249979757173, 0.1376420742948771, 0.1347935372300698, 0.13697227373511844, 0.1357956486300493, 0.13565804630103215, 0.13817641464900782, 0.13653129465122582, 0.13721383074168894, 0.1383201573525461, 0.1378879346857014, 0.13639092455742136, 0.13837934913443287, 0.1373920350911366, 0.13766878170829644, 0.13711245781621687, 0.13588620080921807, 0.13823802966187537, 0.13557586607117775, 0.13697523219329463, 0.13579725570399054, 0.13668347345609552]}