{"seq_len": 1, "num_hidden": 1, "hidden_size": 256, "lr": 0.0001, "batch_size": 64, "grad_clip": 1, "nb_epoch": 25, "optimizer": "RMSprop", "crit": "MSE", "weight_decay": 1e-05, "bidirect": true, "dropout": 0.3, "logger_level": 20, "fragment": 1, "features": "all", "overlapping": true, "model": "FC", "train_losses": [0.11203643600522101, 0.08512729323941332, 0.08125733874832247, 0.07791254455921999, 0.0755459709368154, 0.07365635063142448, 0.07210391263996749, 0.07094641745300671, 0.06991475091800481, 0.06836013178982023, 0.06665028198591054, 0.06457400668216087, 0.06309876828533946, 0.06204106587897253, 0.061217043067604504, 0.06064017219627974, 0.05998560588781977, 0.05951669542554492, 0.05907240365344945, 0.05865174825645502, 0.05835759131972137, 0.058028413487547136, 0.05781196408338828, 0.05761799201336098, 0.0573841238086013], "test_losses": [0.141869577644004, 0.1396206360510282, 0.14371336140405114, 0.13715346046458657, 0.13977609792535395, 0.1381825540162934, 0.13997434915060078, 0.13834080446667035, 0.13712096069134017, 0.13794984661087129, 0.13823801883409323, 0.13328376590139113, 0.1329470448655115, 0.1337136599285228, 0.13452842510184995, 0.13297554970557837, 0.1310641625470243, 0.13533618560368213, 0.13062447666470148, 0.13171330532781172, 0.13338931580305574, 0.13230681269768454, 0.13354831337040035, 0.13136127167501696, 0.1338914930968588]}