{"seq_len": 32, "num_hidden": 2, "hidden_size": 256, "lr": 0.001, "batch_size": 128, "grad_clip": 1.0, "nb_epoch": 50, "optimizer": "SGD", "crit": "MSE", "weight_decay": 0.0001, "dropout": 0.1, "logger_level": 20, "fragment": 0.3, "train_losses": [0.1068931135100935, 0.09780819871317802, 0.0957328611282847, 0.09438039879104, 0.09351643466919511, 0.09278250369594325, 0.09212663840858182, 0.09159550793356631, 0.09128465988303548, 0.09082549836617618, 0.09060900373824278, 0.09023458967406546, 0.08997294156994652, 0.08961788441368083, 0.08945366818850962, 0.08906184750885221, 0.08881766446421493, 0.088587638308954, 0.088433806059049, 0.08823358503418352, 0.08797304070175592, 0.08774206461618893, 0.08751113911220176, 0.08728668325809977, 0.08709395452210651, 0.08698211140443932, 0.08663899676134838, 0.0865070206960242, 0.08621889180573986, 0.08605561697453111, 0.08577918441002093, 0.08559618839741352, 0.08538586080972872, 0.08519353698845485, 0.0850419812466032, 0.08482038985993993, 0.0846133700117993, 0.08447203380827928, 0.08419032370549949, 0.08395936808094906, 0.08376240344652579, 0.08354184316031298, 0.08343082063611429, 0.0832913783027898, 0.08300632841173727, 0.08287632618866973, 0.08272845829701304, 0.08257392711525587, 0.08238708942978826, 0.0821811684112453], "test_losses": [0.14947004308303197, 0.14116405566533408, 0.14123537530501684, 0.1403854059179624, 0.1402747192978859, 0.13950656861066818, 0.13942664484182993, 0.13905877391497293, 0.1386166939139366, 0.13845167249441148, 0.13758117953936258, 0.13797940731048583, 0.13772261520226797, 0.1374148200949033, 0.1372984018921852, 0.13724457442760468, 0.13658049901326497, 0.13658190747102103, 0.13657394568125406, 0.13639168361822765, 0.13693095127741495, 0.1366806509097417, 0.1365724731485049, 0.1359810263911883, 0.13660458038250606, 0.13620012472073237, 0.13653427064418794, 0.1357996442914009, 0.1365574675798416, 0.13588947772979737, 0.13566878964503606, 0.13535942683617275, 0.13468970755736034, 0.135236034989357, 0.13580576260884603, 0.1353489112854004, 0.13509605099757513, 0.13553545951843263, 0.13626364757617315, 0.13478932758172354, 0.13507376660903295, 0.13533687631289165, 0.13593832810719808, 0.13507378727197647, 0.13555321315924326, 0.1347496979435285, 0.13501833319664003, 0.1352727410197258, 0.1357160351673762, 0.13621455401182175]}