{"seq_len": 1, "num_hidden": 1, "hidden_size": 256, "lr": 0.0001, "batch_size": 64, "grad_clip": 1, "nb_epoch": 25, "optimizer": "RMSprop", "crit": "MSE", "weight_decay": 1e-05, "bidirect": true, "dropout": 0.3, "logger_level": 20, "fragment": 1, "features": "cedd", "overlapping": true, "model": "FC", "train_losses": [0.09444431354635366, 0.09088987632534994, 0.08943206139887892, 0.08834344572052304, 0.08749949199209058, 0.08677530655417516, 0.0861461499143107, 0.08554080892534015, 0.08510314049814574, 0.08451439769082629, 0.08404406044513275, 0.08378521252890915, 0.08335222520415396, 0.08300634789396058, 0.0826483011417196, 0.08236436758801595, 0.08216168388790702, 0.08200829002643924, 0.08168561264883613, 0.08150437428618061, 0.08120302671225052, 0.08105171471004496, 0.08085709566329263, 0.08061399704098436, 0.08043635239701583], "test_losses": [0.15194216635722527, 0.13396065914725688, 0.1339851654991952, 0.133974150400868, 0.13481600370783928, 0.13596433621810872, 0.1351451575756073, 0.13707749687772147, 0.13622277742529484, 0.13657604229023632, 0.1362117895815766, 0.13578959296700022, 0.1365006188334338, 0.1362568847316634, 0.13611513099246186, 0.136304440780378, 0.13676512565752622, 0.13593996209546064, 0.13658599831000948, 0.13718656226844483, 0.13652025577917726, 0.13726111988779566, 0.13514374692741019, 0.13597671062524466, 0.13641386927951638]}