{"seq_len": 32, "num_hidden": 2, "hidden_size": 256, "lr": 0.001, "batch_size": 128, "grad_clip": 1.0, "nb_epoch": 50, "optimizer": "SGD", "crit": "MSE", "weight_decay": 0.01, "dropout": 0.5, "logger_level": 20, "fragment": 0.3, "train_losses": [0.09859246225213286, 0.09580460460341755, 0.09465820263678106, 0.09391158564605905, 0.09313571325798131, 0.09264272121927845, 0.09206971769506608, 0.09178951405101086, 0.09129912136637386, 0.09101400161208818, 0.09077998276930957, 0.09050527022187434, 0.09053102895692365, 0.09013035953344412, 0.08994384720247595, 0.08978534946639334, 0.08972126440187196, 0.08946103610135803, 0.08920660105781938, 0.08914261124092131, 0.08899705913198654, 0.08878491523128058, 0.08861689999624713, 0.0885276081199622, 0.0883243539225516, 0.08826381443583187, 0.08808864162645148, 0.08788068944485343, 0.08781428968337313, 0.0875782394528988, 0.08742752957658552, 0.0872699365993241, 0.0872709981760188, 0.08710892131580181, 0.086958608435626, 0.08686335051628813, 0.08665766724240241, 0.08666292424477524, 0.08654383532515722, 0.08636185470687684, 0.08624970931653402, 0.08612884307776264, 0.08605745861578228, 0.08590628135593692, 0.08573877586791263, 0.08556147627345281, 0.0854150183386539, 0.08545206045385581, 0.08527314241732185, 0.0852470742772572], "test_losses": [0.14246393442153932, 0.14010969241460164, 0.13919521460930506, 0.13893774658441543, 0.13815282394488654, 0.1379876357316971, 0.13770258724689483, 0.13728307455778122, 0.13688206096490224, 0.136277065773805, 0.13739046146472295, 0.13711398035287858, 0.13667900244394937, 0.13698079844315847, 0.1367524163921674, 0.13602622836828232, 0.13683749546607335, 0.13669810195763907, 0.13577411472797393, 0.13537684639294942, 0.1359342461824417, 0.13628971566756568, 0.1354430788755417, 0.13551896542310715, 0.13574319332838058, 0.13528478999932608, 0.13582130432128905, 0.13443780720233917, 0.1347589891155561, 0.1355642107129097, 0.1348295783996582, 0.13517800758282345, 0.13516758928696315, 0.13431529233853023, 0.13539529234170913, 0.13513606727123262, 0.13469346235195795, 0.13487343043088912, 0.13513720373312632, 0.13481764247020087, 0.13535018215576808, 0.1355334500471751, 0.1344410953919093, 0.1347080209851265, 0.13530716101328533, 0.13478315403064092, 0.13379472275575002, 0.13447685996691386, 0.1335788736740748, 0.13548517882823943]}