{"seq_len": 32, "num_hidden": 2, "hidden_size": 64, "lr": 0.001, "batch_size": 128, "grad_clip": 100.0, "nb_epoch": 50, "optimizer": "SGD", "crit": "MSE", "weight_decay": 1e-06, "dropout": 0.1, "logger_level": 20, "fragment": 0.3, "train_losses": [0.09915080580429815, 0.09731797559476978, 0.09631890709975258, 0.09557650762436977, 0.09510761409548658, 0.09476679657122597, 0.09450751236036195, 0.09413848858532595, 0.09398967349649075, 0.09366423295969939, 0.09339001003521771, 0.09323997855485983, 0.09309644600254806, 0.0929418369079355, 0.092786047139659, 0.09258126089321309, 0.09236940127521304, 0.09226614873313424, 0.0922190269558274, 0.09204331111518582, 0.09199914302508436, 0.09194898470562307, 0.09177358470969464, 0.0916756418107742, 0.09149272357998182, 0.0914881670070653, 0.09136566478553129, 0.0913814431309101, 0.09126793772880755, 0.09118282139750582, 0.09112175029875645, 0.09095362498981868, 0.0909179589481809, 0.0909037061372594, 0.09078279347275969, 0.09075379551355563, 0.09078019307037095, 0.09062771094803834, 0.09060845688809102, 0.09052305878257033, 0.09044086457646672, 0.09035327064631572, 0.09023557897264035, 0.09018576021619777, 0.09027709171700118, 0.09025883831870017, 0.09010066825840342, 0.09014284296251422, 0.09001492547928988, 0.08993484854847941], "test_losses": [0.13867429902156195, 0.14007078289985656, 0.1412292111913363, 0.1416119181116422, 0.14160326441129048, 0.14179581940174102, 0.14202364146709442, 0.14186407148838043, 0.14177736431360244, 0.141739404797554, 0.14112022817134856, 0.1409104025363922, 0.1407959579428037, 0.14068730642398197, 0.14053546448548634, 0.14048135260740915, 0.1401966213186582, 0.13994353284438452, 0.1398513106505076, 0.13970372448364893, 0.13966595997413, 0.13945788284142813, 0.13946197072664895, 0.13914264490207037, 0.1390790271759033, 0.1388082371155421, 0.1386789087454478, 0.13862660417954126, 0.13863965541124343, 0.13848348647356035, 0.13839776744445165, 0.13844795813163122, 0.13818000266949335, 0.137935329079628, 0.13808998882770537, 0.13799137502908707, 0.1378468852241834, 0.13796563069025675, 0.1380133686463038, 0.1379391046365102, 0.13768522173166275, 0.13762621303399403, 0.13751229296127956, 0.1373532180984815, 0.1372896972298622, 0.13735595057408015, 0.13738169968128205, 0.13730789760748546, 0.1371434051791827, 0.1372274229923884]}