{"seq_len": 32, "num_hidden": 2, "hidden_size": 1024, "lr": 0.001, "batch_size": 128, "grad_clip": 10.0, "nb_epoch": 50, "optimizer": "SGD", "crit": "MSE", "weight_decay": 0.01, "dropout": 0.5, "logger_level": 20, "fragment": 0.3, "train_losses": [0.09496346932260236, 0.09077155080871965, 0.08910962980446505, 0.08815344202159038, 0.08735676794944697, 0.08655412087039133, 0.08590853775865469, 0.0854674356442001, 0.08478860987640506, 0.0843582917472825, 0.0840404186416511, 0.08343142140001508, 0.08305389479027321, 0.0825654818634292, 0.08218642855858684, 0.08183674864358638, 0.08143847986082335, 0.08107448908402093, 0.0807904751606323, 0.08037720650584254, 0.08004434646374017, 0.07967166275010636, 0.07931016651380002, 0.07905537837264526, 0.07869317667118868, 0.07839893727521201, 0.07817005309926804, 0.07789432412790294, 0.07763233297883566, 0.07733388557730608, 0.07693241033047887, 0.07669932698484641, 0.07660783042934671, 0.07614429579607805, 0.0760768986864006, 0.07579243291712287, 0.07553951335537373, 0.07536908136165921, 0.07497193804712751, 0.0746415386435075, 0.07454129572414872, 0.07417194180228004, 0.07409711116597281, 0.07371506619094005, 0.07347091925728261, 0.07339618154731228, 0.07325352382045894, 0.07323949005286298, 0.07297524617020808, 0.07256358455698095], "test_losses": [0.14713103493054708, 0.13899727096160253, 0.13864200095335644, 0.1368010182181994, 0.13688688308000566, 0.13725998590389887, 0.13650562564531962, 0.13411308209101358, 0.13584105839331945, 0.13473197569449744, 0.13504770626624427, 0.13520487795273464, 0.13550549805164336, 0.13411013265450797, 0.13473629494508108, 0.1347514526049296, 0.13441039144992828, 0.13432805200417836, 0.13306189010540645, 0.1348272574941317, 0.13531760692596437, 0.13460503379503885, 0.1338469965259234, 0.13445681770642598, 0.1332958913842837, 0.13197566678126654, 0.1331070625782013, 0.13512672265370687, 0.13265082756678262, 0.13376424074172974, 0.13176695217688877, 0.13164318710565567, 0.1344024391969045, 0.1351720834771792, 0.13316133280595144, 0.1347399174173673, 0.13371992280085881, 0.13118590076764425, 0.13587179958820342, 0.135308877825737, 0.13612071871757508, 0.1366095934311549, 0.13643026570479075, 0.13397470951080323, 0.12939820379018785, 0.13879006723562876, 0.13557040452957153, 0.13951187640428542, 0.13256838629643122, 0.13454707433780033]}