{"seq_len": 1, "num_hidden": 1, "hidden_size": 256, "lr": 0.0001, "batch_size": 64, "grad_clip": 1, "nb_epoch": 25, "optimizer": "RMSprop", "crit": "MSE", "weight_decay": 1e-05, "bidirect": true, "dropout": 0.3, "logger_level": 20, "fragment": 1, "features": "audio", "overlapping": true, "model": "FC", "train_losses": [0.09417215352788091, 0.08667796756173383, 0.08260669553985663, 0.08001060258118683, 0.07800421598018234, 0.07646233393757451, 0.07517507912918826, 0.07416689345293692, 0.07320620414939914, 0.07247611443057889, 0.07156190044110407, 0.07106547208354928, 0.0703314159676687, 0.06980913833513823, 0.06936933367935569, 0.06889306234490367, 0.06846600554125701, 0.06809934084569869, 0.06759545673307173, 0.06757388249006463, 0.0670819015123929, 0.06662309688046497, 0.06641179848940795, 0.06600380517990392, 0.06569926135114766], "test_losses": [0.14739471068142895, 0.13875946789150448, 0.13382710082452767, 0.13483870137579163, 0.1370001243016355, 0.136518790918008, 0.13848558736309616, 0.13801831427672748, 0.1395980233463568, 0.1346441088596111, 0.1410284729648537, 0.1361092919739293, 0.13750037979001317, 0.13720821681067674, 0.1339586815587569, 0.13520692022254405, 0.13484262430644178, 0.13653983051331334, 0.1336626377601036, 0.13992711700217625, 0.1355121389890523, 0.1377642634019226, 0.1375165341744129, 0.13625520457389578, 0.13801002219526715]}