{"seq_len": 32, "num_hidden": 2, "hidden_size": 256, "lr": 0.001, "batch_size": 128, "grad_clip": 10.0, "nb_epoch": 50, "optimizer": "SGD", "crit": "MSE", "weight_decay": 0.01, "dropout": 0.5, "logger_level": 20, "fragment": 0.3, "train_losses": [0.09928460913387376, 0.09526945366032759, 0.09397592084791193, 0.09305543995382798, 0.09238783543433376, 0.09189255395202181, 0.0915300808285349, 0.09109410467609089, 0.09079408855294463, 0.09052663442477508, 0.09023947448436938, 0.08994333768010739, 0.08964690053133509, 0.08954598043282427, 0.08927857486446898, 0.08916969458811247, 0.08908092567519327, 0.08873866389894006, 0.0885654948090189, 0.08837046477962379, 0.08818681871321932, 0.08827071191377975, 0.0879419059984049, 0.08776832656494936, 0.08758584949089654, 0.08736333958617407, 0.08727204893252358, 0.08716295760630363, 0.08709905019507336, 0.08703424680472618, 0.08667999850445657, 0.08653750281837118, 0.08643677254118512, 0.08638759498395512, 0.08614395293009341, 0.08592851297115561, 0.08597275734546796, 0.08592813087617932, 0.08566576935088814, 0.08547779401043552, 0.08542028788346143, 0.08535773722670185, 0.08517400171589012, 0.08509270685851275, 0.08481616335897589, 0.08475090424768889, 0.08466776883482334, 0.08444756696272136, 0.08420361366927923, 0.0841375402544611], "test_losses": [0.14043561935424806, 0.13746522535880407, 0.13761557380358377, 0.137677055199941, 0.1373222177227338, 0.13718293090661368, 0.13737008740504583, 0.13722423036893208, 0.1368941847483317, 0.1368336248397827, 0.13666837175687155, 0.13660003980000815, 0.1363702581326167, 0.1362072201569875, 0.13592342386643091, 0.13545909484227497, 0.1354823296268781, 0.13557307879130046, 0.135145463347435, 0.13506962954998017, 0.13520179688930511, 0.13490715463956196, 0.1346768805384636, 0.13529947896798453, 0.13457259545723596, 0.13470224221547444, 0.13482295205195746, 0.13474076201518376, 0.13455842266480128, 0.13404299596945446, 0.1345347370704015, 0.13415524790684383, 0.13412685414155323, 0.13323988109827042, 0.13374234696229298, 0.135055211186409, 0.13370725025733313, 0.1339378387729327, 0.13350126137336096, 0.13445900201797487, 0.1336953541636467, 0.13337943742672603, 0.13309075425068537, 0.13392522205909094, 0.13337878634532294, 0.1331815261642138, 0.1359302572409312, 0.1347676275173823, 0.13345967988173166, 0.1329651458064715]}