{"seq_len": 32, "num_hidden": 2, "hidden_size": 256, "lr": 0.001, "batch_size": 128, "grad_clip": 10.0, "nb_epoch": 50, "optimizer": "SGD", "crit": "MSE", "weight_decay": 0.0001, "dropout": 0.1, "logger_level": 20, "fragment": 0.3, "train_losses": [0.10055603180548653, 0.09403357291640947, 0.09256219886355664, 0.0918487429094674, 0.09130559925308179, 0.09082187588640193, 0.09040216805797126, 0.09006151223751768, 0.08964086908042132, 0.08946750822229002, 0.08911266799398403, 0.08888623021056305, 0.08877306435275917, 0.08839345800142791, 0.08826018195954999, 0.088152529231867, 0.08800675547751949, 0.08783373498736914, 0.08769876296496272, 0.08752868421862472, 0.0874271642173355, 0.08717440933588162, 0.087085012664747, 0.08690340326509284, 0.08667972024960734, 0.08676825748316606, 0.08639109509075107, 0.0862941288169305, 0.08620513077057786, 0.08606344727265774, 0.08599320368551129, 0.08581613876562022, 0.08573070198447261, 0.08549450781552037, 0.08546811211199018, 0.08538975600321688, 0.08521168884919517, 0.08503017645684918, 0.0848194935813022, 0.08481177264571789, 0.08465684212781677, 0.08449969706523358, 0.08447714981122233, 0.08432535864599985, 0.08420470072396437, 0.08410134872225061, 0.08397521628956099, 0.08389898786442963, 0.08382911291254226, 0.08366925314293434], "test_losses": [0.14869337966044743, 0.13858828822771707, 0.13781088322401047, 0.1360786152879397, 0.1361543948451678, 0.1365096937616666, 0.13537910709778467, 0.13527728736400604, 0.13539638896783193, 0.1357122524579366, 0.13577366719643275, 0.13519360929727553, 0.13529871573050817, 0.1353814114133517, 0.1349717026948929, 0.13511878828207652, 0.13448705911636352, 0.1343255082766215, 0.13409319589535396, 0.1338422814011574, 0.13473517229159673, 0.1341857573390007, 0.1342607248822848, 0.13425615419944129, 0.13389674415191014, 0.13463041613499324, 0.13369363347689311, 0.13413301408290862, 0.1338650566339493, 0.13270519296328226, 0.13368753681580225, 0.13432526340087256, 0.13461610198020935, 0.13346950689951578, 0.1347019613782565, 0.13386012683312098, 0.13295134524504343, 0.13448564658562343, 0.1336442549029986, 0.1332330177227656, 0.1326141608754794, 0.1333487930893898, 0.13307838867108027, 0.1337328526377678, 0.13369124342997868, 0.13339050163825353, 0.13301430424054464, 0.13400815774997074, 0.13248116324345272, 0.13332494467496872]}