{"seq_len": 32, "num_hidden": 2, "hidden_size": 256, "lr": 0.001, "batch_size": 128, "grad_clip": 10.0, "nb_epoch": 50, "optimizer": "SGD", "crit": "MSE", "weight_decay": 1e-06, "dropout": 0.1, "logger_level": 20, "fragment": 0.3, "train_losses": [0.1043246915966422, 0.09839071325920334, 0.0964108834688987, 0.09472767836484478, 0.09365279118918893, 0.09266643742820126, 0.09205055877042176, 0.09135690499939511, 0.09094230954221745, 0.090533378173658, 0.0901593950825121, 0.08972087539919657, 0.089403724251081, 0.08906362336784152, 0.08882182282419061, 0.08859191494221663, 0.08829995229765399, 0.08810601098902861, 0.0879169175747651, 0.08761537172386993, 0.08737737213696667, 0.08723156341356249, 0.08693288521251487, 0.08677735606479885, 0.08663625607089182, 0.08640995835089803, 0.08620250172650994, 0.08591055866312142, 0.08571450296209086, 0.0855032879129127, 0.08536310677402582, 0.08518464810884178, 0.08499882606106188, 0.08472563318870774, 0.08467180970775422, 0.08445187699255632, 0.08415255967022187, 0.08402818096942039, 0.08397276654614876, 0.083801686969684, 0.08369534518850509, 0.08345100654279766, 0.0831499016427215, 0.08301139731503013, 0.08299768468992196, 0.08267608472150774, 0.08251008346452186, 0.08238301313851946, 0.08224646953032844, 0.08197511511681667], "test_losses": [0.1516401267051697, 0.14232657899459203, 0.14133511225382486, 0.14001807928085327, 0.1393209195137024, 0.13795003881057102, 0.1373823126157125, 0.13696094532807668, 0.13632873843113583, 0.13607863982518514, 0.13563097884257636, 0.1353643058737119, 0.13533415456612904, 0.13482033491134643, 0.13488281528155008, 0.13508394092321396, 0.1353928233186404, 0.1345155238111814, 0.13482627163330713, 0.13369592855374018, 0.13416797041893005, 0.13400746395190558, 0.13378425866365432, 0.1341934859752655, 0.13499076237281163, 0.1333680451909701, 0.13414404004812241, 0.13386328041553497, 0.13411696990331015, 0.13331277618805568, 0.13387618521849315, 0.13396309077739715, 0.1337824343641599, 0.13433283627033232, 0.13324741731087367, 0.13312894225120545, 0.13283741722504297, 0.1334541830420494, 0.1335091245174408, 0.13438657025496165, 0.13231426606575647, 0.13332554241021474, 0.13228456775347391, 0.13318155735731124, 0.13262069940567017, 0.13312807977199553, 0.13343660553296408, 0.13438828994830448, 0.13283883800109228, 0.13318982948859534]}