{"seq_len": 32, "num_hidden": 2, "hidden_size": 64, "lr": 0.001, "batch_size": 128, "grad_clip": 100.0, "nb_epoch": 50, "optimizer": "SGD", "crit": "MSE", "weight_decay": 0.0001, "dropout": 0.3, "logger_level": 20, "fragment": 0.3, "train_losses": [0.12540165484700372, 0.10756621876703434, 0.10370013129022253, 0.10198868650138079, 0.1009947463645408, 0.10018064085412864, 0.0995714220419601, 0.09884639088083153, 0.09836845912376241, 0.0979469965900009, 0.09754456407460735, 0.09708988685254476, 0.09687365599014053, 0.09654151255161918, 0.09616086025483644, 0.09594057066057196, 0.09582371927385953, 0.09553630870940098, 0.0952762476163893, 0.0950379312862104, 0.09494082120495226, 0.0946412873852193, 0.09464260947015417, 0.09433223737693912, 0.09416561794640431, 0.09405874464679603, 0.09389004193658206, 0.09374260752644371, 0.09362196690173605, 0.09352140974758857, 0.09339029064879345, 0.09322661550799806, 0.09319539854873964, 0.09308730357855409, 0.09292441419321089, 0.0929536180355441, 0.09287266365846797, 0.09265025794955355, 0.09260063528565306, 0.09258996328367061, 0.09247766173065607, 0.09243905338360436, 0.09224665981141766, 0.09224323576419198, 0.09221644954166221, 0.09217987861016289, 0.09199901101127941, 0.09202381803761775, 0.09191312648393402, 0.09182448730097344], "test_losses": [0.16816794415314992, 0.1505375329653422, 0.1474293601512909, 0.1470863985021909, 0.1467809342344602, 0.14641365309556326, 0.14600673139095308, 0.14558997352917988, 0.1452619473139445, 0.14499988267819086, 0.14472538888454436, 0.14447754482428232, 0.1441777875026067, 0.14387448996305466, 0.1435670506954193, 0.14329768419265748, 0.14308463603258134, 0.14287435750166574, 0.14261175115903219, 0.14235048055648802, 0.14220417668422064, 0.14199268976847332, 0.14183077077070871, 0.14170514971017836, 0.14150920788447063, 0.14134944826364518, 0.1412091855208079, 0.14108186344305673, 0.14096009016036987, 0.1407951764265696, 0.1406142630179723, 0.14054166694482167, 0.14050945510466895, 0.14033003270626068, 0.14022244433561962, 0.14018452326456707, 0.14012419203917184, 0.14004398147265115, 0.1398875629901886, 0.13981730500857034, 0.13968748350938162, 0.13968854089577992, 0.13955636809269586, 0.13948372612396875, 0.13932547519604366, 0.13931528309981028, 0.13927846471468608, 0.13921250770489374, 0.13912074247996012, 0.1390645182132721]}