{"seq_len": 1, "num_hidden": 3, "hidden_size": 128, "lr": 0.0001, "batch_size": 64, "grad_clip": 1, "nb_epoch": 25, "optimizer": "RMSprop", "crit": "MSE", "weight_decay": 1e-05, "bidirect": true, "dropout": 0.3, "logger_level": 20, "fragment": 1, "features": "all", "overlapping": true, "model": "FC", "train_losses": [0.08296797152970929, 0.07530247116960591, 0.07100001913955147, 0.06856563733786943, 0.06655087923242503, 0.06516014943321104, 0.06409302522838337, 0.06317241922983348, 0.06246442549378675, 0.06182105397306377, 0.061153499518798386, 0.06064710326343443, 0.06021112745383003, 0.05985123108251058, 0.05940205302385374, 0.059056289827294856, 0.05885111739680603, 0.05863149172634041, 0.0582645149969267, 0.0580343143888642, 0.05786840493618645, 0.057612117162802616, 0.05754306437565206, 0.05729064430817464, 0.057201621233974466], "test_losses": [0.13178015750634742, 0.13408714366954552, 0.12910456432559145, 0.12961584932465203, 0.13100352430082932, 0.12910456351091562, 0.12955280839211897, 0.13065051051897272, 0.12970068271662558, 0.12996598155372896, 0.12990502545065719, 0.13079912335450797, 0.1312154292556685, 0.13072299785452857, 0.13093570095466572, 0.13217204452212714, 0.1303142169657095, 0.12999921303916404, 0.13017930272618536, 0.13042722153616235, 0.1302084535301087, 0.13225501421727906, 0.12994122616280143, 0.13058540313902717, 0.1303610761703601]}