{"seq_len": 32, "num_hidden": 2, "hidden_size": 1024, "lr": 0.001, "batch_size": 128, "grad_clip": 10.0, "nb_epoch": 50, "optimizer": "SGD", "crit": "MSE", "weight_decay": 0.0001, "dropout": 0.3, "logger_level": 20, "fragment": 0.3, "train_losses": [0.09468167387510663, 0.09107157670373293, 0.08943346790482651, 0.08845370498733904, 0.08763530910314626, 0.08701384876241636, 0.08631651391785349, 0.08578575166625593, 0.08530997451226316, 0.08475281352448703, 0.08425077642477936, 0.08382374916843434, 0.08329938434476229, 0.08287691212628955, 0.08230756024769204, 0.08189286697824397, 0.08148036766142103, 0.08102102435413916, 0.08068009480908887, 0.08036950949448438, 0.07994902953879918, 0.0795903081383238, 0.07930254617977382, 0.07882293860367195, 0.07846649429157151, 0.07809246623486131, 0.07788380561162479, 0.07746466434556036, 0.07722902964407476, 0.0767791187718286, 0.0765826425061154, 0.07622269286432458, 0.07592931088415822, 0.07555092212243296, 0.07512247831977192, 0.07489726596965862, 0.07466199975367167, 0.0745912090730128, 0.07403010957354876, 0.0738939771700145, 0.07370117490165796, 0.07332999689794666, 0.07314192093721586, 0.0730072227330064, 0.0725570403264096, 0.07221009258424217, 0.07190666327150023, 0.07181725184896484, 0.07168111504621841, 0.07132444704821961], "test_losses": [0.13738208413124084, 0.13577077845732372, 0.1344358268380165, 0.13474375585714976, 0.1339017230272293, 0.13425215979417165, 0.13381329516569773, 0.13316072781880697, 0.1325521093606949, 0.1328021565079689, 0.13229896783828735, 0.1333914836247762, 0.13218369354804357, 0.13242999255657195, 0.13145268738269805, 0.13090616087118784, 0.13293534894784292, 0.13121950934330623, 0.13111244787772497, 0.13077657024065653, 0.13069939186175664, 0.13119881669680278, 0.1324381465713183, 0.13183303127686183, 0.13385351945956547, 0.13044290492932, 0.1314655496676763, 0.13131207724412283, 0.1320519890387853, 0.13444758584101996, 0.1298475162188212, 0.13004101862510045, 0.13146926303704579, 0.13208855777978898, 0.1329128035902977, 0.13103790799776713, 0.1336633523305257, 0.13110088686148325, 0.13293872743844987, 0.13338015814622242, 0.13169254769881567, 0.1320378523071607, 0.13442023048798243, 0.13079174200693766, 0.1318098462621371, 0.13890512138605118, 0.13360213836034138, 0.13183538089195887, 0.13140400797128676, 0.13046472072601317]}