{"seq_len": 32, "num_hidden": 2, "hidden_size": 64, "lr": 0.001, "batch_size": 128, "grad_clip": 1.0, "nb_epoch": 50, "optimizer": "SGD", "crit": "MSE", "weight_decay": 0.01, "dropout": 0.5, "logger_level": 20, "fragment": 0.3, "train_losses": [0.09911607613964896, 0.09745670671588812, 0.0967595051580937, 0.09627580751276496, 0.09584669622793869, 0.09547779218635367, 0.09524279641895438, 0.09507855941452573, 0.09479687729822331, 0.09475073308201891, 0.09453722306681638, 0.09453204573698379, 0.09432751236099694, 0.09427964818387774, 0.09421584773902318, 0.09402387536800087, 0.09395608107498543, 0.09390093408637311, 0.09384795701383945, 0.09375362697258667, 0.09376380540168465, 0.09364810499863409, 0.09348435546435303, 0.09353493543425996, 0.09348020504167931, 0.09329484946014893, 0.09335307514847223, 0.09319090247903038, 0.09310315463261389, 0.09306771023638884, 0.0930612399125818, 0.09306275376572681, 0.0929444015924655, 0.09291462937192102, 0.0927360992710195, 0.09274021700848287, 0.09277417885148945, 0.09260987258286932, 0.09267632090416386, 0.09264154724739304, 0.0925275714852702, 0.09257097167884884, 0.0925742019360988, 0.09245205842819645, 0.09247514212401069, 0.09235608431711868, 0.09224226007509471, 0.09231695952127926, 0.09222113123940463, 0.09223232422042732], "test_losses": [0.13600819398959477, 0.13649894694487255, 0.13707950085401535, 0.1368141817053159, 0.13688303381204606, 0.13680916090806325, 0.13685249239206315, 0.13702533702055614, 0.13733500599861145, 0.13734924187262854, 0.13742902706066767, 0.13759183675050735, 0.13751020699739455, 0.1375293712814649, 0.1375274775425593, 0.13753809322913488, 0.13740686217943826, 0.1374324150880178, 0.13742174247900646, 0.1373320300380389, 0.13724054048458736, 0.13700406432151793, 0.13695485452810924, 0.13689880887667338, 0.13701733867327373, 0.13688275446494422, 0.13667461931705474, 0.13661448071400326, 0.13673051317532858, 0.13673777679602306, 0.1368227312962214, 0.13671719998121262, 0.1366807473699252, 0.1365802631775538, 0.13663717915614446, 0.1364845524231593, 0.13648407091697057, 0.13644351442654928, 0.13649981250365575, 0.13642580687999725, 0.13639274567365647, 0.1363522376616796, 0.13619411279757818, 0.1361186036467552, 0.13633576015631357, 0.1363242045044899, 0.13623721609512965, 0.13612241983413698, 0.13602817565202713, 0.13593228151400885]}