{"seq_len": 32, "num_hidden": 2, "hidden_size": 1024, "lr": 0.001, "batch_size": 128, "grad_clip": 10.0, "nb_epoch": 50, "optimizer": "SGD", "crit": "MSE", "weight_decay": 0.01, "dropout": 0.1, "logger_level": 20, "fragment": 0.3, "train_losses": [0.09334611675547595, 0.0892874620967175, 0.08765195227747587, 0.0865448860067818, 0.08567654854388693, 0.08479663737155685, 0.08407825804385707, 0.08342227096383895, 0.08275739949702018, 0.08224050831704882, 0.08173101313000349, 0.08109899614025001, 0.08050668273289599, 0.08018739937088597, 0.07975729244138727, 0.07922709141694122, 0.07874247012425907, 0.07837090064682553, 0.07793598187778464, 0.07739285095103422, 0.0770777486002625, 0.07682873967604421, 0.07639510540207427, 0.07598703384549174, 0.07572081685066223, 0.07536162630696992, 0.07490714480304837, 0.0747609180608886, 0.07427836595168665, 0.07390394056187802, 0.07359232877067585, 0.07351312949205163, 0.07304380573893911, 0.07281764783901186, 0.07264179116742096, 0.07235422694877763, 0.0723350800611266, 0.0718975079868307, 0.07167144108507502, 0.07162682318957007, 0.07121078859097395, 0.07100365499979887, 0.07111815260208432, 0.07068458944559097, 0.07064126971079476, 0.0703098599672617, 0.07023166116308327, 0.06984429269205386, 0.06963571363208282, 0.06908284960754553], "test_losses": [0.12945788850386938, 0.13463672886292138, 0.1343013588587443, 0.13235803405443827, 0.1325481687982877, 0.1324409379561742, 0.13188064167896907, 0.13192673405011496, 0.13250086536010106, 0.13121940910816193, 0.13208745350440343, 0.1302505127588908, 0.13114592880010606, 0.13151116440693536, 0.12988980303208034, 0.13171509404977164, 0.1295970923701922, 0.13069659878810247, 0.13007582674423854, 0.13195984969536464, 0.13173744857311248, 0.13166536788145702, 0.13226371785004934, 0.12989271144072215, 0.13331199407577515, 0.13007620890935262, 0.13245060662428537, 0.12997473657131195, 0.13282536109288534, 0.13121483623981475, 0.1326819787422816, 0.13250237027804057, 0.12980779071648915, 0.130499905248483, 0.1313509182135264, 0.13144575983285903, 0.13242071479558945, 0.13277228474617003, 0.13277094612518947, 0.13313555995623272, 0.13536198019981385, 0.13321606944004694, 0.13290024896462757, 0.12994821449120839, 0.13185658931732178, 0.13269958148399988, 0.1311299017071724, 0.1337806753317515, 0.12934974173704783, 0.13378240625063578]}