{"seq_len": 64, "num_hidden": 1, "hidden_size": 8, "lr": 0.001, "batch_size": 16, "grad_clip": 1, "nb_epoch": 50, "optimizer": "RMSprop", "crit": "MSE", "weight_decay": 1, "bidirect": true, "dropout": 0.4, "logger_level": 20, "fragment": 0.1, "features": "acc", "train_losses": [0.09643107751359255, 0.0953363926079921, 0.0954914625970959, 0.09571480245718837, 0.09559023971732182, 0.09571270086947893, 0.09556193226995037, 0.09583532308481332, 0.09567393059617982, 0.09563057174859478, 0.09557034771509024, 0.09553790693969855, 0.095668207265451, 0.09553489674004746, 0.09566462866114973, 0.09550107360919775, 0.09569904558461066, 0.09562058133110835, 0.09565172979683545, 0.09566502451092751, 0.09571661105332806, 0.09561951744849283, 0.0956978407869679, 0.0956912771628197, 0.09591340050388393, 0.09575328915622193, 0.09550476775492088, 0.09561379179932708, 0.09552930180622203, 0.09579977205809141, 0.09555298832168009, 0.09569487028067972, 0.09553909104367671, 0.09569477155689789, 0.09570985756857547, 0.09557165838562684, 0.09590029415740903, 0.09551596021376593, 0.09573068937756882, 0.09559568808717304, 0.09568981415016113, 0.09557838129285214, 0.09545087734657216, 0.09573161703227573, 0.09572143747196721, 0.09570299110488395, 0.09572599534670283, 0.09559505474475537, 0.09590316935655928, 0.09569913461833102], "test_losses": [0.19335916691322616, 0.1403153250135746, 0.14263436247400826, 0.13683528698942987, 0.13623519563281597, 0.13580266458128915, 0.1356516189608477, 0.1352626278164423, 0.13600944096061784, 0.13754413356333214, 0.13600423947203583, 0.1399473492717985, 0.13616302847710962, 0.13805021969648787, 0.1448810101311824, 0.13621850463036958, 0.1361469440729485, 0.13728108067954253, 0.13946666980757932, 0.1381643361549087, 0.1412477830642371, 0.1361559669529726, 0.13606829211342758, 0.14015365558378587, 0.136968581393588, 0.1466609399935921, 0.13695881073244937, 0.1363256954148336, 0.1354868796649318, 0.13839664775405439, 0.13638280997724098, 0.13969279114667535, 0.13670744784743652, 0.1363066692415833, 0.13585956126148932, 0.13647471720040752, 0.13586078338362845, 0.13538592255811402, 0.13542679409841596, 0.1381424990704822, 0.1351158525132891, 0.13585905598353615, 0.13766646177181738, 0.1392533522345088, 0.13667357875610972, 0.13748746013580845, 0.14392489860505622, 0.13605483625140893, 0.13596343952538398, 0.13520537316799164]}