{"seq_len": 64, "num_hidden": 2, "hidden_size": 512, "lr": 0.0001, "batch_size": 64, "grad_clip": 1, "nb_epoch": 25, "optimizer": "RMSprop", "crit": "MSE", "weight_decay": 1e-05, "bidirect": true, "dropout": 0.3, "logger_level": 20, "fragment": 1, "features": "all", "overlapping": true, "model-with-CNN": false, "train_losses": [0.008091612594870876, 0.002620600033260865, 0.002047616462040268, 0.0018180312111848917, 0.0016846878667367774, 0.001618774064266925, 0.0015532597729926198, 0.0014991084421258018, 0.0014740887696862662, 0.0014477807756973278, 0.0014210913931855499, 0.001339971887936833, 0.0013976990950142446, 0.001372750458836366, 0.0012654485196669446, 0.0012913110003808803, 0.001306616359832302, 0.0012640074724711776, 0.0012711187928107113, 0.0012127555548378448, 0.0013674401599847107, 0.0011539631791359735, 0.0012217578377706703, 0.001188976059664896, 0.001191622779809745], "test_losses": [0.14611013072814086, 0.13007733790306356, 0.12874873932413075, 0.13341030413227994, 0.12884322819423288, 0.13686597292632047, 0.13289509460238963, 0.13330746135558713, 0.131302171381088, 0.13399733628796948, 0.13880455477235273, 0.13360777730975762, 0.13251618857357023, 0.13293469081160492, 0.13301521565484417, 0.1414792929186112, 0.1384235285450145, 0.15776740192092364, 0.14041659964320616, 0.13344590842359663, 0.1379310123758986, 0.14095800772096864, 0.14058609142929862, 0.1368876798666422, 0.15128958411894117]}