{"seq_len": 1, "num_hidden": 1, "hidden_size": 256, "lr": 0.0001, "batch_size": 64, "grad_clip": 1, "nb_epoch": 25, "optimizer": "RMSprop", "crit": "MSE", "weight_decay": 1e-05, "bidirect": true, "dropout": 0.3, "logger_level": 20, "fragment": 1, "features": "lbp", "overlapping": true, "model": "FC", "train_losses": [0.09281372232189777, 0.09147130640717285, 0.09101574823437307, 0.0906966783980263, 0.09045985892536734, 0.09015546613818819, 0.08987445419387367, 0.08956874122963451, 0.08939420608298904, 0.08919454294339144, 0.08898474866802283, 0.08885877362902551, 0.08882785956883484, 0.08865063218503592, 0.08849364612044099, 0.08842435494651596, 0.08827746957927698, 0.08822363522664299, 0.08806251518223669, 0.08792579173765186, 0.08795742495863546, 0.08775074116791631, 0.08765975240156132, 0.08770222236480461, 0.08748303200294552], "test_losses": [0.13290523345143374, 0.14524785855833153, 0.14859637939491518, 0.14665929339159553, 0.14765638595902422, 0.14715187635206087, 0.14757202149444734, 0.14804380832917646, 0.14745941433766727, 0.14481726576153847, 0.14779479564658216, 0.14663763893823736, 0.14604014944781366, 0.14593025936817317, 0.14595799693174913, 0.14481320563948177, 0.14766742915626074, 0.14549580807418047, 0.14579092401633442, 0.1463078924604723, 0.14648686952252038, 0.14677502611877905, 0.1457752464839052, 0.14611647402493663, 0.14878376937706475]}