{"model-with-CNN": true, "seq_len": 8, "num_hidden": 2, "hidden_size": 16, "lr": 0.0003, "batch_size": 32, "grad_clip": 1.0, "nb_epoch": 50, "optimizer": "Adam", "bidirect": true, "weight_decay": 1e-06, "dropout": 0.5, "logger_level": 20, "fragment": 1.0, "features": "all", "overlapping": false, "train_losses": [0.09752724355175382, 0.09088978111477834, 0.08766229467333428, 0.08542922930791974, 0.0827382272663748, 0.08067937198627208, 0.07917573592359466, 0.07767311624428701, 0.07662641201611786, 0.07565035553471673, 0.07504206289359856, 0.07441571285016835, 0.07382384167673688, 0.07313713902563211, 0.0729663250635245, 0.07249810447960738, 0.07174571307509073, 0.07162488808500625, 0.0714923968161678, 0.07134793825181467, 0.07063255163042673, 0.07061658734233961, 0.07016203521440427, 0.06987513730391151, 0.06972943229733833, 0.06983964733912476, 0.06953118906711184, 0.06914051857200407, 0.06916188596126933, 0.06904836883768439, 0.06885245382519704, 0.06862574496439525, 0.06863705298331167, 0.0687195251008407, 0.06869891098523069, 0.06822435098833271, 0.06805724964388424, 0.06806266997453003, 0.06780974051382925, 0.06788810660752158, 0.06776045199062321, 0.06795176991727203, 0.06789323751859012, 0.06792309624142945, 0.06749147933996505, 0.0675221233229552, 0.06733794987112993, 0.06728873865324117, 0.0671673334935414, 0.06720534887253529], "test_losses": [0.13446092558285547, 0.13640450171771504, 0.1394904569855758, 0.14281896206121597, 0.14309402366006185, 0.14439905245625784, 0.14676532580975502, 0.14800661607157617, 0.14556822866674454, 0.1475715251669051, 0.14729277316540007, 0.14843863775096242, 0.14907766630252203, 0.14623744247688186, 0.14459866592808376, 0.1447710721857018, 0.14577211534220075, 0.14662501960992813, 0.14678877337820948, 0.14565235258094847, 0.14535203676611658, 0.14637897749032294, 0.14520123388086045, 0.14586733683707223, 0.14608919916171875, 0.1464138709836536, 0.1470040956896449, 0.14422841683503182, 0.14456891989897167, 0.1448231696018151, 0.1437780268135525, 0.1444237040030578, 0.14381122914335084, 0.14366350056869642, 0.1441786266153767, 0.14353926574426984, 0.14568271162727522, 0.1431420197680829, 0.14424357072465002, 0.14390935447244418, 0.14615843102099405, 0.14456145465373993, 0.14429681251446405, 0.14400680729794124, 0.14531893898097295, 0.14431612300021307, 0.14592954888939857, 0.14394296569720147, 0.1448129958931416, 0.14260495182067628]}