{"seq_len": 64, "num_hidden": 2, "hidden_size": 32, "lr": 0.001, "batch_size": 16, "grad_clip": 1, "nb_epoch": 50, "optimizer": "RMSprop", "crit": "MSE", "weight_decay": 0.1, "bidirect": true, "dropout": 0.4, "logger_level": 20, "fragment": 0.1, "features": "jcd", "overlapping": false, "train_losses": [0.09458849330743153, 0.09386356594848495, 0.09394127531030963, 0.09390527436326694, 0.09390898844180538, 0.09387890553112664, 0.09391733665945214, 0.09390463240746129, 0.09390739062244723, 0.09389655737776977, 0.09389274184787665, 0.09390552672835674, 0.09388578599157361, 0.09387820087703437, 0.09391169880942113, 0.09391257757597346, 0.09387368177690028, 0.09388632417758765, 0.09388070709299949, 0.09386177243295203, 0.09391320574318053, 0.0939240071829229, 0.09389143083280452, 0.09389758494059934, 0.09390607350622528, 0.09385525527085413, 0.09392503153008762, 0.09392398564945297, 0.093893658556403, 0.09386846976559286, 0.09388364307395755, 0.0939111296510995, 0.09389182729269728, 0.0939223273856447, 0.09385037745900007, 0.09392139774268073, 0.09390060573471765, 0.0938715420534156, 0.09393632322951778, 0.09388765929579046, 0.09390525317433253, 0.09392534164794378, 0.09389467802264787, 0.09389441226373978, 0.0938913891081176, 0.0939427571360431, 0.09386370758847234, 0.09392410985450754, 0.09388162812257549, 0.09393324555832756], "test_losses": [0.13810595495597966, 0.14135776914013218, 0.13878492137351012, 0.139923370807304, 0.13964680071712146, 0.14058834200885695, 0.13933512042772953, 0.1401692593687682, 0.14094586318670796, 0.14002705520482234, 0.13967590347915737, 0.1397780291547025, 0.14121166147707684, 0.14101467652217992, 0.1396412478031846, 0.13927647766425524, 0.14071509775322705, 0.14006792046697006, 0.14030356289166485, 0.14143078849854204, 0.13900272393135854, 0.13895425775329473, 0.13947022320504116, 0.1398959463925531, 0.14042538188889547, 0.14027652136868027, 0.13960351658805373, 0.1398811531702274, 0.13957457512919672, 0.1396950784749186, 0.13961389112442277, 0.1386859248661753, 0.14031202391470748, 0.13933048919221472, 0.13948555612170757, 0.13908967916584256, 0.13969894948647107, 0.1404109967087731, 0.13957027379933953, 0.14011714754975993, 0.14018289499022635, 0.1394347173308358, 0.13981053660514997, 0.13902706596149406, 0.13937018596127554, 0.13896948284455363, 0.13981212259549175, 0.13954731319005115, 0.1397711824871562, 0.13901321567254624]}