{"seq_len": 1, "num_hidden": 2, "hidden_size": 32, "lr": 0.0001, "batch_size": 64, "grad_clip": 1, "nb_epoch": 25, "optimizer": "RMSprop", "crit": "MSE", "weight_decay": 1e-05, "bidirect": true, "dropout": 0.3, "logger_level": 20, "fragment": 1, "features": "all", "overlapping": true, "model": "FC", "train_losses": [0.08849497946738401, 0.08055312230176366, 0.07743664283330297, 0.07537570187535743, 0.07377775783118887, 0.07228786537303425, 0.07103436541727674, 0.0699491779352438, 0.06912339588249712, 0.06844549102580096, 0.0676691329387399, 0.06730201497463802, 0.06670517110180749, 0.06625982552335363, 0.06585158317528925, 0.06548008168394157, 0.06512941155684994, 0.06502386866761033, 0.06471953786904049, 0.06450987478915904, 0.064193414390065, 0.06399593006407409, 0.06369019430559392, 0.06363434578501567, 0.06354612115917156], "test_losses": [0.13647420526617327, 0.13559970693666465, 0.13430373546913651, 0.13396193768466205, 0.13328565255725833, 0.1312617062337356, 0.13113640496140683, 0.1307739045315424, 0.1298255785025849, 0.12857254277581487, 0.13050813744840756, 0.13058911992707262, 0.12972165368660307, 0.13099817961276644, 0.13142766853864815, 0.13113342615114765, 0.13101093423650942, 0.13149102981652228, 0.13065975157925433, 0.13138925718147285, 0.13137416138682168, 0.1331694003631533, 0.1334083822683596, 0.1316244759361739, 0.1311550395004081]}