{"seq_len": 64, "num_hidden": 1, "hidden_size": 128, "lr": 0.0001, "batch_size": 64, "grad_clip": 1, "nb_epoch": 25, "optimizer": "RMSprop", "crit": "MSE", "weight_decay": 1e-05, "bidirect": true, "dropout": 0.3, "logger_level": 20, "fragment": 1, "features": "all", "overlapping": true, "model-with-CNN": false, "train_losses": [0.01667057287854893, 0.004388322749495139, 0.00343406094666513, 0.0030793585708344755, 0.002898700907144793, 0.002801787467473954, 0.002706776313445687, 0.002641356131133662, 0.0026115174964034447, 0.002558823545138353, 0.0025290989576019518, 0.0025143281400429, 0.002469919116013125, 0.0024508483270585008, 0.002431883601879325, 0.0024542121065261047, 0.002429367398063958, 0.0023878606523133135, 0.0023880801698155643, 0.0023701864906202122, 0.0023867220882231653, 0.0023517371192990654, 0.0023490354568175167, 0.0023748847710303046, 0.0023230411198767956], "test_losses": [0.17600079709303598, 0.13041095531217436, 0.12654051617121745, 0.12787204158403237, 0.13066698610782623, 0.13016642437386658, 0.12705714716870042, 0.13116732707091602, 0.12967164119489324, 0.13040171046181753, 0.12511851451911654, 0.13645893875547435, 0.13049615600929726, 0.1559487833449894, 0.12880681479414224, 0.13014278239181717, 0.1279653351291134, 0.13105888566089502, 0.12579580238601099, 0.12997134876591124, 0.13074636130068307, 0.13035457781582402, 0.13065947132477207, 0.13235428032527874, 0.12781520301662005]}