{"seq_len": 1, "num_hidden": 1, "hidden_size": 512, "lr": 0.0001, "batch_size": 64, "grad_clip": 1, "nb_epoch": 25, "optimizer": "RMSprop", "crit": "MSE", "weight_decay": 1e-05, "bidirect": true, "dropout": 0.3, "logger_level": 20, "fragment": 1, "features": "all", "overlapping": true, "model": "FC", "train_losses": [0.11332742356001756, 0.10729347016183907, 0.10697738237474348, 0.10720888793236164, 0.10695909017333298, 0.08753532278832012, 0.0752035757995528, 0.06920438181849524, 0.06585593362848406, 0.06399861816385984, 0.0626553956809182, 0.061595104944511266, 0.060714882580700326, 0.06001915299536214, 0.05951312560734699, 0.05897574526352536, 0.05861405449841274, 0.058180762218406845, 0.05790930566583285, 0.057610950448620114, 0.05737818048820287, 0.057082274780728325, 0.05686952351815805, 0.05672638097248346, 0.0565306589660064], "test_losses": [0.15038125526537716, 0.1390208545516784, 0.13677506304344172, 0.1378393750748862, 0.13629066071678583, 0.13645584238452418, 0.13777441196662057, 0.13401946373594922, 0.13135706805151925, 0.12942978351656534, 0.13014214398491217, 0.13471308329085233, 0.13079578769402522, 0.13299107427151494, 0.1301219973631692, 0.1324602850744312, 0.13262174614736622, 0.12948831942517525, 0.13002547446941998, 0.12917039528577987, 0.13243081592482553, 0.1303028247613556, 0.14346611372400705, 0.13298842771567596, 0.1325950424666433]}