{"seq_len": 64, "num_hidden": 1, "hidden_size": 8, "lr": 0.001, "batch_size": 16, "grad_clip": 1, "nb_epoch": 50, "optimizer": "RMSprop", "crit": "MSE", "weight_decay": 1, "bidirect": true, "dropout": 0.4, "logger_level": 20, "fragment": 0.1, "features": "cl", "train_losses": [0.09604959310479247, 0.0953945145585174, 0.09556259461795204, 0.09556310420751801, 0.09547443218486157, 0.0955427547877292, 0.09566288876395694, 0.09553776133755269, 0.09544365804262014, 0.0956552439155721, 0.09561595682463894, 0.09544488348368275, 0.09560559677437436, 0.09534758536830573, 0.09550107059451197, 0.09551717725677528, 0.09532495097818862, 0.0954763129611925, 0.09557187028932664, 0.0956949758018602, 0.09539649640577837, 0.095608821608887, 0.09561638702747909, 0.09562676443730934, 0.095599788196227, 0.09528396323840053, 0.09533754744798462, 0.09563281687123697, 0.09560128574139351, 0.09544141879143743, 0.09554117714882127, 0.0957009239635486, 0.09565239917192615, 0.09542991927966676, 0.095472069999099, 0.09547613159195306, 0.09553589251229759, 0.09545166931170719, 0.09550094417150999, 0.09547098212819798, 0.09543419540330395, 0.09545861346815822, 0.09563398771777548, 0.09564134311325748, 0.09509647029644033, 0.09551084493798327, 0.09574011571863253, 0.09549533740863175, 0.09553592104414525, 0.09557228941678542], "test_losses": [0.20377818687918223, 0.14031450843750523, 0.13688943917073573, 0.13593912398830282, 0.1367980959413923, 0.14031419965443273, 0.1371724737363721, 0.14145977997462156, 0.13681358030907392, 0.14085759022060385, 0.1365817657241664, 0.14237147771994474, 0.1407862695567499, 0.14186093888155699, 0.13988484856365296, 0.1410930706046257, 0.14217214738278824, 0.13672297527342278, 0.13876888420678637, 0.13729686957552348, 0.14489776070045335, 0.13979284036053619, 0.1381401722012135, 0.13834891888090803, 0.14357474729948239, 0.13727832260319425, 0.14321282609994643, 0.1371900811035016, 0.13655323278026532, 0.13988854161222575, 0.1406756048918073, 0.13664736190271862, 0.13960873634379528, 0.13747987582296284, 0.14114459426269918, 0.13906631229190053, 0.13620932602564695, 0.13644799813249994, 0.1365119523278953, 0.1382619070295755, 0.13611684747153732, 0.13742887198471176, 0.13681160530009245, 0.13669607489544727, 0.13680002341037475, 0.13891501806033443, 0.14323129020820413, 0.1377290718370888, 0.13806386250378516, 0.1461167416445495]}