{"seq_len": 32, "num_hidden": 2, "hidden_size": 64, "lr": 0.001, "batch_size": 128, "grad_clip": 100.0, "nb_epoch": 50, "optimizer": "SGD", "crit": "MSE", "weight_decay": 0.0001, "dropout": 0.1, "logger_level": 20, "fragment": 0.3, "train_losses": [0.10111611703382664, 0.09617054956642228, 0.09462067234006959, 0.0939933634433315, 0.09364727944435186, 0.09337780003122349, 0.09320262549959835, 0.0931417896744594, 0.09279290964855022, 0.0926825870296464, 0.09258295685502153, 0.09244760477812446, 0.09229794668791881, 0.09230118308534574, 0.09208390049299403, 0.09202389520167106, 0.09194260521150714, 0.09185550878545147, 0.09188480181011123, 0.09166860277179498, 0.09166593535162097, 0.09161996882614779, 0.09151686963873293, 0.09141468447656488, 0.09137889184993715, 0.09130018470275342, 0.09123599787603072, 0.0911489552888439, 0.0911096501440259, 0.09102692181740574, 0.09104606861145652, 0.0909836798457045, 0.09094274598150397, 0.09093494791930644, 0.09087061346625563, 0.09073519279908894, 0.09074328281921358, 0.09061075279011799, 0.09069696813821793, 0.09060293364914218, 0.09055624318182767, 0.0904103051777461, 0.09046182949938367, 0.09040291064498412, 0.09035682206477352, 0.09026560228523897, 0.09025890945489683, 0.09016937571554327, 0.09000665604618925, 0.09002246205980455], "test_losses": [0.13222225159406661, 0.13316127121448518, 0.135464016298453, 0.13716614683469136, 0.13808841437101363, 0.1385582458972931, 0.13870465328296025, 0.1388303220272064, 0.13879071712493896, 0.13876466304063798, 0.13870727707942326, 0.13856175005435944, 0.1385477783282598, 0.13849656969308854, 0.13843148867289226, 0.1383341364065806, 0.13835310240586599, 0.1383101064960162, 0.13825418839852016, 0.13819363504648208, 0.13812104016542434, 0.13813509504000346, 0.13806763162215552, 0.13805349896351496, 0.13793894956509273, 0.13793721755345661, 0.13788310647010804, 0.1378489203254382, 0.1378411431113879, 0.13777694513400396, 0.13777384440104168, 0.13770090858141582, 0.13761289924383163, 0.13765784213940302, 0.13774622201919556, 0.13767669548590977, 0.13760422776142756, 0.1375981256365776, 0.13763969669739406, 0.13757871558268864, 0.13754727135101955, 0.13746965676546097, 0.1374917683005333, 0.13738131999969483, 0.13735809395710627, 0.13728648295005164, 0.13719555199146272, 0.13717381189266842, 0.13708251724640527, 0.13707694868246714]}