{"seq_len": 1, "num_hidden": 1, "hidden_size": 256, "lr": 0.0001, "batch_size": 64, "grad_clip": 1, "nb_epoch": 25, "optimizer": "RMSprop", "crit": "MSE", "weight_decay": 1e-05, "bidirect": true, "dropout": 0.3, "logger_level": 20, "fragment": 1, "features": "tamura", "overlapping": true, "model": "FC", "train_losses": [0.09790484541951061, 0.09428315890127408, 0.09272829728351759, 0.09194714951300585, 0.09147130066021425, 0.09129330802932879, 0.09107244982983594, 0.09094846917077092, 0.09089762280240887, 0.09076610788614466, 0.09068385986493709, 0.09060516826526359, 0.09049929177033167, 0.09049497956013183, 0.09044006048150653, 0.09038446773653926, 0.09031535456069063, 0.09024172333783367, 0.09017166925100548, 0.09005791036814517, 0.09010277807978054, 0.09001523790343124, 0.0899578030176223, 0.08994223536963629, 0.08986833122155803], "test_losses": [0.14108486150652466, 0.13363405528883812, 0.13344314273735638, 0.1330413819544358, 0.13381886228948653, 0.13351203880419077, 0.13380580294736574, 0.13362712972977053, 0.13318297549874836, 0.13433395308362797, 0.13403214456487603, 0.13338006078959933, 0.1336733913474955, 0.13357321113703502, 0.1343742378396732, 0.1339737947430336, 0.13372498972870958, 0.13375393732286114, 0.1339876469720903, 0.1350638323406102, 0.13434110061963558, 0.13534916042689063, 0.1346467000323072, 0.13441225295334638, 0.13424482372835664]}