{"seq_len": 1, "num_hidden": 0, "hidden_size": 512, "lr": 0.0001, "batch_size": 64, "grad_clip": 1, "nb_epoch": 25, "optimizer": "RMSprop", "crit": "MSE", "weight_decay": 1e-05, "bidirect": true, "dropout": 0.3, "logger_level": 20, "fragment": 1, "features": "all", "overlapping": true, "model": "FC", "train_losses": [0.27263907240544677, 0.18945704398880026, 0.15288555208640622, 0.1527974584679871, 0.14291297968507433, 0.13516583291740442, 0.1319674929796145, 0.12515488122579516, 0.1386622212628081, 0.11995841607551001, 0.11637235584972341, 0.1147492984095457, 0.11292595997640797, 0.10957810018037369, 0.10822535573927314, 0.10542949357394298, 0.10401500016727444, 0.10218228284427211, 0.0994580901423559, 0.09809406278979893, 0.09698272526330566, 0.0954213600381711, 0.09483604104090108, 0.09374793181396363, 0.09175268213839202], "test_losses": [0.2300455058604538, 1.2679407720418858, 2.5695624113468005, 3.6738304758137073, 4.430984323085184, 4.882580233985932, 5.191735425197462, 5.314843809554283, 5.411199007042597, 5.417377859916886, 5.415066253475356, 5.199652272015514, 5.0066962087930555, 4.824315406574644, 4.56648482748161, 4.376607336681595, 4.074702611929972, 3.835970924134046, 3.724932808169788, 3.495714064369026, 3.2629815240059172, 3.1497577144718076, 2.9275378120496542, 2.8185089364144247, 2.647599521928113]}