{"seq_len": 32, "num_hidden": 2, "hidden_size": 256, "lr": 0.001, "batch_size": 128, "grad_clip": 10.0, "nb_epoch": 50, "optimizer": "SGD", "crit": "MSE", "weight_decay": 0.01, "dropout": 0.3, "logger_level": 20, "fragment": 0.3, "train_losses": [0.09973685117672436, 0.0955048344991914, 0.09420375338750868, 0.09336551608302486, 0.09277113774164238, 0.09224081791974792, 0.09189389870693936, 0.0916805583702859, 0.09126047157312757, 0.09102883886302536, 0.09074022748212718, 0.09055517610143776, 0.09024332167964484, 0.09006081109669939, 0.08972711076763407, 0.08963114637226316, 0.0894502542501119, 0.0892911087627986, 0.08922504809633572, 0.08896627325807983, 0.08883959661476576, 0.0886459131561332, 0.0884096281387698, 0.08821411554388066, 0.08816876224986273, 0.0880605477334267, 0.08785339137866868, 0.0877777956538464, 0.08760993703076587, 0.08751143627430326, 0.08747344172030837, 0.08720928494205427, 0.08708946579065754, 0.08688185981769658, 0.08684355091659268, 0.08664361773124292, 0.08645760589957836, 0.08629840035833905, 0.08621142527565884, 0.08607918379744094, 0.0859999121658167, 0.08587516982800997, 0.08574942488167155, 0.08561317963366533, 0.08550191382367407, 0.08536665486031442, 0.08531354729030001, 0.08523440866464346, 0.085059348325334, 0.08493129283788815], "test_losses": [0.1588723987340927, 0.1395052816470464, 0.13898907115062079, 0.1383466961979866, 0.1376479349533717, 0.13739273319641748, 0.13696448345979054, 0.13681778083244958, 0.1365402885278066, 0.13616154869397482, 0.13600456804037095, 0.13605784823497136, 0.13593829254309336, 0.13591330587863923, 0.1356828373670578, 0.13521829028924306, 0.13524923314650852, 0.13522179772456486, 0.13500808864831926, 0.13522113303343455, 0.13501644372940064, 0.13493922154108684, 0.1346613602836927, 0.13458740691343943, 0.1346743869781494, 0.1341646706064542, 0.13419348895549774, 0.13448316623767217, 0.13441039760907492, 0.13410153100887934, 0.1338842545946439, 0.13431956897179287, 0.1342342522740364, 0.1340464303890864, 0.13439361174901326, 0.13384643624226253, 0.13380612095197042, 0.1336623258392016, 0.1336857415239016, 0.13357998381058375, 0.13378464460372924, 0.1334868700305621, 0.133558349609375, 0.1337593494852384, 0.13342837045590084, 0.13303682267665862, 0.13333214908838273, 0.13329145401716233, 0.13362683216730753, 0.13277691662311553]}