{"seq_len": 128, "num_hidden": 3, "hidden_size": 256, "lr": 0.001, "batch_size": 8, "grad_clip": 1, "nb_epoch": 20, "optimizer": "SGD", "crit": "MSE", "weight_decay": 0.01, "dropout": 0.3, "logger_level": 20, "fragment": 0.02, "train_losses": [0.09369111659005284, 0.09017173245549202, 0.08887515924870967, 0.08784639229997993, 0.08736480941995978, 0.08644033130258322, 0.08615069994702935, 0.08510382485575974, 0.085273217856884, 0.08477501412853598, 0.08485159350559116, 0.08401602955535054, 0.08316383039578795, 0.08262586951255799, 0.08216030044481158, 0.08176377626135946, 0.08142260648310184, 0.08042870929464697, 0.07900807401165366, 0.07818193573504686], "test_losses": [0.15225953715188162, 0.1442195132568285, 0.14274766063922412, 0.14319588911610764, 0.14221483575446264, 0.14032236999505526, 0.14287986461218302, 0.14158209403613944, 0.14267959484419265, 0.14061288487214546, 0.13888287070122632, 0.14096796183617083, 0.13904096447415165, 0.13841160106194483, 0.13982887537061395, 0.13711114856716874, 0.13895850880192473, 0.13776253957252999, 0.1392558782131641, 0.14088237701685397]}