{"seq_len": 128, "num_hidden": 3, "hidden_size": 512, "lr": 0.001, "batch_size": 8, "grad_clip": 1, "nb_epoch": 20, "optimizer": "SGD", "crit": "MSE", "weight_decay": 0.01, "dropout": 0.3, "logger_level": 20, "fragment": 0.02, "train_losses": [0.10556430384516716, 0.09681640246883035, 0.09421456823125482, 0.093240996170789, 0.09225081316195428, 0.091898807361722, 0.09113927906379103, 0.09090633975341916, 0.09081895992159844, 0.09018779594451189, 0.08995983753353358, 0.08956299105659127, 0.08940218409523368, 0.08900583527982235, 0.0887481621466577, 0.08861230303533375, 0.0882822509109974, 0.08813592310994864, 0.08791416915133596, 0.08785979613661767], "test_losses": [0.14119386702001868, 0.13406303573351402, 0.13417430357499557, 0.13525648608610227, 0.13535017723386938, 0.1355346277743191, 0.13538330038646598, 0.13571916888286542, 0.13531092060850813, 0.13500236477944758, 0.13479199018571283, 0.13501694924258567, 0.13430095812329998, 0.1342558077984042, 0.13417119378006304, 0.13412473341087242, 0.13388476230494387, 0.1340356720732404, 0.13372567315380296, 0.13379252044024406]}