{"seq_len": 64, "num_hidden": 2, "hidden_size": 32, "lr": 0.001, "batch_size": 16, "grad_clip": 1, "nb_epoch": 50, "optimizer": "RMSprop", "crit": "MSE", "weight_decay": 0.1, "bidirect": true, "dropout": 0.4, "logger_level": 20, "fragment": 0.1, "features": "sc", "overlapping": false, "train_losses": [0.0965807238496797, 0.09558481362743415, 0.09562559047559553, 0.09564292918251889, 0.09559458800679457, 0.0956368190604253, 0.09562450095379513, 0.09560826478924365, 0.0956270209440032, 0.09559991591841499, 0.09561113156162934, 0.09562921205352497, 0.09559759336141492, 0.09559495134103276, 0.09560983972570111, 0.09565571999905886, 0.095620733888565, 0.09556654338260147, 0.09564263361411057, 0.09555705111323065, 0.09564758463258459, 0.09558555941045399, 0.09563875166064052, 0.09562912354378572, 0.09561840837430173, 0.09562254370493466, 0.09560256378154534, 0.09561365799752274, 0.09560743435097567, 0.09560198745616713, 0.09557979903497907, 0.09561842041151142, 0.09562205905830469, 0.09561269720998343, 0.09557902260265369, 0.09564175815653479, 0.09562053795552208, 0.09558859601013922, 0.09563373438367954, 0.09561046708181414, 0.0955994739367668, 0.09560143140096196, 0.09564868513645464, 0.09562064755370621, 0.09559231035425714, 0.09562962591246144, 0.09559714718074008, 0.09561139243243977, 0.09563239117606986, 0.09555494395553032], "test_losses": [0.1525037222480411, 0.13949172762293502, 0.1395772509465968, 0.1389413704046138, 0.1398293231117544, 0.13887470968181106, 0.14054270690013915, 0.13997378480162112, 0.13946368167091747, 0.14052720284704023, 0.14083056836412644, 0.13985962061410023, 0.13983492976820408, 0.14054274177036916, 0.1390806926310365, 0.13870424546566107, 0.13977061280139208, 0.1404009984456343, 0.1393380553135412, 0.14106330918479087, 0.13862879101546283, 0.13946049951659847, 0.13983057677594538, 0.1400209323782001, 0.14093291733016822, 0.14136068538058227, 0.14107727550613094, 0.14020884037017822, 0.13959187946192503, 0.13944494296905352, 0.14046510815771704, 0.139977602297582, 0.13918955748910225, 0.13997924358106506, 0.13947717005831337, 0.1392348386385114, 0.14034690049850396, 0.1400463331471845, 0.13950841401131625, 0.1399387112880116, 0.13957659321539292, 0.13894790906440183, 0.13941769653619243, 0.14072485892149397, 0.14010300135551976, 0.14047642869090066, 0.1398848998667625, 0.13973921787012653, 0.13960738347720375, 0.1398072739316122]}