{"seq_len": 32, "num_hidden": 2, "hidden_size": 1024, "lr": 0.001, "batch_size": 128, "grad_clip": 10.0, "nb_epoch": 50, "optimizer": "SGD", "crit": "MSE", "weight_decay": 1e-06, "dropout": 0.1, "logger_level": 20, "fragment": 0.3, "train_losses": [0.09596082216231668, 0.09080192892245911, 0.08865152846029656, 0.08707895874977112, 0.08603437387164514, 0.08521528860282658, 0.08452995215079293, 0.08371772699469897, 0.08313831701949613, 0.0823278967384717, 0.08172128828775943, 0.08127840572790285, 0.08071906756066796, 0.08026876835966829, 0.07982950949638933, 0.07920342309391079, 0.07872082892075256, 0.07814510713270562, 0.07767358587015813, 0.0771220582513953, 0.07679495039447468, 0.0762604631146594, 0.07611305352730967, 0.075751831726962, 0.07538903892115133, 0.07491343925196921, 0.07459362283648557, 0.07431986594769224, 0.0737974238792556, 0.07342124399003672, 0.07330014004404821, 0.07303952612918825, 0.07271145220527697, 0.0723648530866333, 0.07201633763373197, 0.07167114991339008, 0.07142353647542958, 0.07109410656456971, 0.07076867271083684, 0.07052774908929015, 0.07016345877293965, 0.06996473078452163, 0.0699016417390737, 0.06957757089230883, 0.06927422913324893, 0.06894855070203992, 0.06884983855875293, 0.06839891985508066, 0.06840989487854081, 0.06784330619190207], "test_losses": [0.14305392722288768, 0.1379665489991506, 0.13769411355257033, 0.1376044433315595, 0.1366666833559672, 0.1352591104308764, 0.13304621795813243, 0.13568103363116582, 0.1361366954445839, 0.13457352966070174, 0.13485977470874785, 0.13400649636983872, 0.13415722221136092, 0.13346439441045124, 0.13390331824620566, 0.13308043817679088, 0.1325743101040522, 0.13449723839759828, 0.1342113505800565, 0.13338939021031063, 0.13552815785010655, 0.13235479980707168, 0.13739412397146225, 0.13565903981526692, 0.1363737298051516, 0.1354856738448143, 0.1307097640633583, 0.1317625391483307, 0.13668620347976684, 0.13271001736323038, 0.1371420000990232, 0.13205646296342213, 0.1327443987131119, 0.13591262112061184, 0.13501464635133742, 0.13270392129818598, 0.13214997927347819, 0.13470233569542567, 0.13385737438996634, 0.13323636660973232, 0.13630654901266098, 0.13687181502580642, 0.1343329699834188, 0.1368431947628657, 0.1339065143465996, 0.1336055506269137, 0.1390076751510302, 0.13882654984792073, 0.13587502598762513, 0.13588507841030756]}