{"seq_len": 64, "num_hidden": 2, "hidden_size": 32, "lr": 0.0001, "batch_size": 64, "grad_clip": 1, "nb_epoch": 25, "optimizer": "RMSprop", "crit": "MSE", "weight_decay": 1e-05, "bidirect": true, "dropout": 0.3, "logger_level": 20, "fragment": 1, "features": "all", "overlapping": true, "model-with-CNN": false, "train_losses": [0.024893349322141687, 0.007388482461159673, 0.005730679885804286, 0.00494928462093607, 0.004458536619596034, 0.00410837590879544, 0.0038293793403582277, 0.0036236870365191497, 0.0034593049494566854, 0.003310296542975529, 0.0031854244579025796, 0.003086636920074985, 0.002993835914070691, 0.002948574615263585, 0.002876248744313529, 0.002829632505154573, 0.002775492245627019, 0.002746346979925785, 0.0027022956739013327, 0.0026686755802736366, 0.002650928746001976, 0.002599111905081832, 0.0025880977680737324, 0.002556619717264534, 0.002550236880330825], "test_losses": [0.16808489805690627, 0.14571076687690926, 0.14330747394297128, 0.13823772505563048, 0.13992575163025478, 0.1391651465001757, 0.1395691636107604, 0.1384396911001254, 0.13560115201531506, 0.13862196304465504, 0.14024340376531033, 0.13634456295042077, 0.13701843602351405, 0.13766167610276742, 0.13721555856847473, 0.1382377028404574, 0.1389913143032437, 0.13905411762946007, 0.13905031534477066, 0.14254764808899517, 0.1393583605251827, 0.14045161764514907, 0.13773756507639973, 0.1428355534851187, 0.14177005267616688]}