{"seq_len": 1, "num_hidden": 1, "hidden_size": 256, "lr": 0.0001, "batch_size": 64, "grad_clip": 1, "nb_epoch": 25, "optimizer": "RMSprop", "crit": "MSE", "weight_decay": 1e-05, "bidirect": true, "dropout": 0.3, "logger_level": 20, "fragment": 1, "features": "fc6", "overlapping": true, "model": "FC", "train_losses": [0.0948429704210275, 0.08797773045405424, 0.08530185303326528, 0.08314284192759104, 0.08147305369919197, 0.08002993554076002, 0.07873397648788065, 0.07780203799307125, 0.07692055973074308, 0.07619560630224595, 0.07561526600749915, 0.07487197474485958, 0.07409218179356547, 0.07338843433256935, 0.07229964088291793, 0.07131285047809903, 0.07052878828327923, 0.06987786916953684, 0.06924181962254407, 0.0689139989686614, 0.06843120632409695, 0.06817268905435214, 0.06777446077335916, 0.06751827916936602, 0.06715356906752898], "test_losses": [0.148254145092329, 0.14338784937415397, 0.1440331393604724, 0.14108385370810986, 0.14472841964682812, 0.14127558558646064, 0.14390662755395026, 0.14397547431067964, 0.14396209502314952, 0.14534877442104915, 0.14034666648323446, 0.14321403193544915, 0.14058278853566225, 0.1388809858982416, 0.1411019720685174, 0.139834447984193, 0.14028378411623876, 0.13936035899412086, 0.1398080391124276, 0.1406344945133325, 0.14335069042550877, 0.1404715359625712, 0.13819260133900652, 0.1417523865286209, 0.13859254840176338]}