{"seq_len": 32, "num_hidden": 2, "hidden_size": 64, "lr": 0.001, "batch_size": 128, "grad_clip": 10.0, "nb_epoch": 50, "optimizer": "SGD", "crit": "MSE", "weight_decay": 0.01, "dropout": 0.3, "logger_level": 20, "fragment": 0.3, "train_losses": [0.11102089985980461, 0.10124386180585353, 0.09806175279108124, 0.09651655793639284, 0.09569344845548947, 0.0951377212926371, 0.09485700707789042, 0.09444506578709012, 0.0942175006447126, 0.09406832452095933, 0.09384001705364965, 0.09374642256067027, 0.09357683132191998, 0.09346382611960023, 0.09331179151882478, 0.09318071880831791, 0.09301851453942869, 0.09291821332582877, 0.09273659044773734, 0.0927292047882799, 0.09261122783973588, 0.09233501605951606, 0.09229283248210073, 0.09219040762839006, 0.0920771576426736, 0.09211996950246581, 0.09192182516782128, 0.0917332232110764, 0.09184315212857184, 0.09162987686281827, 0.09150383228333152, 0.0913616023845409, 0.09133654158918103, 0.0912354503893972, 0.09110261750730438, 0.09104806304577008, 0.09104077956035508, 0.0909339232959939, 0.09086730203886129, 0.09088303946220695, 0.09068177670390162, 0.09060518716897198, 0.09059825648165229, 0.09052658814880717, 0.0904515337704414, 0.09036665802924478, 0.09042939629836298, 0.09034319439126019, 0.09028401727502669, 0.09025217753708661], "test_losses": [0.13894185692071914, 0.13486051470041274, 0.13674068649609883, 0.13752199043830235, 0.13845519244670867, 0.1385618041952451, 0.1391410395503044, 0.1392681442697843, 0.13937502702077229, 0.13943317025899887, 0.1392138204971949, 0.13919543445110322, 0.13914160052935282, 0.1390384891629219, 0.13891808390617372, 0.13876195033391317, 0.13869677762190502, 0.1386032857497533, 0.13841710706551869, 0.13828044394652048, 0.13827614863713583, 0.13806193302075068, 0.13810019542773563, 0.13778839846452076, 0.13789766440788906, 0.1379264391462008, 0.13764089624087017, 0.1373113876581192, 0.1371536355217298, 0.13715706765651703, 0.13710597296555838, 0.1369602737824122, 0.13702083031336468, 0.13702378263076145, 0.13710116614898046, 0.13687506238619487, 0.1369171259800593, 0.13665868530670802, 0.13668335497379303, 0.13648780246575673, 0.13633052001396814, 0.13653664936621984, 0.13617077668507893, 0.13631876587867736, 0.13640644590059917, 0.13630965838829676, 0.13620395421981812, 0.13617518573999404, 0.13606041550636291, 0.1360062078634898]}