{"seq_len": 32, "num_hidden": 2, "hidden_size": 256, "lr": 0.001, "batch_size": 128, "grad_clip": 100.0, "nb_epoch": 50, "optimizer": "SGD", "crit": "MSE", "weight_decay": 0.0001, "dropout": 0.3, "logger_level": 20, "fragment": 0.3, "train_losses": [0.10366223411793685, 0.09597880778899744, 0.09417121584091953, 0.09291785464963721, 0.09195732403939692, 0.09121327693737931, 0.09073830605601546, 0.09023335804442066, 0.08976722523644941, 0.08955832866568063, 0.0891634761987619, 0.08890940608391211, 0.0886125989145969, 0.08831301091903418, 0.08829905957582608, 0.08798802056204734, 0.08774878593844984, 0.08762874974677311, 0.08745428511695047, 0.08729946295070888, 0.08708407568871676, 0.08697341109190754, 0.0867409923642724, 0.086637011799381, 0.08643005234212732, 0.08631856687104882, 0.0862479184815033, 0.08612414670349965, 0.08597892365563455, 0.0858363524154203, 0.08569023095483157, 0.0855804616257773, 0.08548172042897, 0.08533827672202383, 0.08520376663561442, 0.08512936057008091, 0.08501910418272018, 0.08486322860172646, 0.08475146820796794, 0.08461457247560347, 0.0845565256012145, 0.0843039296904401, 0.08427082297939752, 0.0840910593394059, 0.08400340977326111, 0.08398001831979608, 0.08375082567483935, 0.08362656842973364, 0.08340240734156652, 0.08335125378927394], "test_losses": [0.1388558774193128, 0.13451620091994604, 0.13594093024730683, 0.13554275373617808, 0.13512260456879935, 0.13479909320672354, 0.13376498182614643, 0.13420572519302368, 0.13432180802027385, 0.13364511698484421, 0.13378894835710525, 0.13333469887574514, 0.13326318075259527, 0.13350672284762063, 0.13280620326598486, 0.13318108628193537, 0.13311930189530055, 0.13323221921920778, 0.13339890768130622, 0.13318085938692092, 0.1329799065987269, 0.1329693603515625, 0.13258350809415181, 0.13276861518621444, 0.13271594762802125, 0.13270791679620741, 0.1328595287601153, 0.1329832856853803, 0.13207567493120828, 0.13185906231403352, 0.13217099527517953, 0.13221043546994526, 0.133040176431338, 0.13258142272631326, 0.13187732646862665, 0.13245563169320423, 0.13230735152959824, 0.13270722458759943, 0.13267141153415044, 0.13235492805639903, 0.132212666173776, 0.13237931817770004, 0.1325525986154874, 0.13225373605887095, 0.13213819434245427, 0.13352908035119374, 0.13182214270035425, 0.1327731489141782, 0.13187457025051116, 0.13226848940054575]}