{"seq_len": 64, "num_hidden": 2, "hidden_size": 32, "lr": 0.001, "batch_size": 16, "grad_clip": 1, "nb_epoch": 50, "optimizer": "RMSprop", "crit": "MSE", "weight_decay": 0.1, "bidirect": true, "dropout": 0.4, "logger_level": 20, "fragment": 0.1, "features": "acc", "overlapping": false, "train_losses": [0.09305686809424031, 0.09309440657410319, 0.09308183846388708, 0.09300971515692039, 0.09309325372954554, 0.09309175224375403, 0.09306889956167438, 0.09306733206144188, 0.09307627166712905, 0.09306741676693477, 0.09306537286739129, 0.09308603445430481, 0.09306027094236, 0.09308188148776, 0.09304283023856738, 0.09304476911937799, 0.09304544483966451, 0.09307221871637425, 0.09308309423125319, 0.0930574937133201, 0.09306762694795696, 0.09308200913099195, 0.09308009838724872, 0.09307951155712609, 0.09308181798196827, 0.09306661183865084, 0.09308056740775733, 0.09307147833107754, 0.09308522600170964, 0.093044419387115, 0.09308668049429193, 0.09308346803793557, 0.09307904089289594, 0.09309641557506973, 0.09306200007281781, 0.09310216404253577, 0.09308053452614874, 0.09305795750837335, 0.09306098293218769, 0.09308455242759231, 0.09307739211099227, 0.09308754518513275, 0.09307218563378661, 0.09308765031871079, 0.09304445899434402, 0.09306607134855552, 0.09309166593760654, 0.09305654894668243, 0.0930630518751567, 0.09310707455655283], "test_losses": [0.13215207142121901, 0.13842622028086995, 0.13907151317535923, 0.13969608880390372, 0.1374303426612452, 0.13776879942961756, 0.13824879862179007, 0.13799850979280956, 0.14075720442581902, 0.13867862186002247, 0.13807228835403618, 0.13844250706095382, 0.13819724676875295, 0.13797477961796795, 0.1397080315172975, 0.13869104072981076, 0.1382133843103036, 0.13736710791963005, 0.1383710940023364, 0.13847779728434412, 0.13912185296643204, 0.13813711990257205, 0.1386122946357969, 0.13931191667233628, 0.1386735170777074, 0.1388620575369917, 0.13832557386704508, 0.1384631600703685, 0.1379152468315841, 0.1393383541688096, 0.13763089546092272, 0.13831720452018195, 0.13803341810775893, 0.1385256587173128, 0.138610675590595, 0.13806096698880801, 0.1393942060279967, 0.13841337790041405, 0.13927748061830017, 0.1381601120160921, 0.13812781511073186, 0.13830251197524482, 0.13948563516593826, 0.13920248420861772, 0.14046342610405183, 0.13921056793728456, 0.13907883981914085, 0.13883649501098594, 0.13793883718512384, 0.13794269859034397]}