{"seq_len": 32, "num_hidden": 2, "hidden_size": 64, "lr": 0.001, "batch_size": 128, "grad_clip": 10.0, "nb_epoch": 50, "optimizer": "SGD", "crit": "MSE", "weight_decay": 0.01, "dropout": 0.5, "logger_level": 20, "fragment": 0.3, "train_losses": [0.10816259700898549, 0.10242934296628338, 0.10066947992423073, 0.0997475603192895, 0.09900134506087806, 0.09836060168156073, 0.09784147948326177, 0.09724794803702053, 0.09695703495087934, 0.09663439066565815, 0.09623060543932507, 0.09612053329471368, 0.09575203566545218, 0.09550818179420491, 0.09520726025703564, 0.09498987275751392, 0.09491948944390119, 0.0945958070194901, 0.09445395500366412, 0.09423856459670331, 0.09410404533746854, 0.09395670381622698, 0.09388092272545225, 0.09370570554954921, 0.09358047525487354, 0.09348166284698937, 0.09346182917679974, 0.09331493989456838, 0.09318378197038593, 0.0931660041737197, 0.09308456382410012, 0.09298740510814753, 0.09295634801813106, 0.09295243855996348, 0.09278732156334212, 0.09273178497301274, 0.09264690945645672, 0.09266584257983682, 0.09262780620524631, 0.09241309372623961, 0.09252134968887023, 0.09245596507835628, 0.09237664338931366, 0.09228229372944664, 0.09230741132144353, 0.09220095521690858, 0.09223051893351665, 0.09214213097365058, 0.09219680820128426, 0.09206484198270731], "test_losses": [0.140994743903478, 0.13918034245570501, 0.140915949344635, 0.14163675794998803, 0.1416096762816111, 0.1415121376514435, 0.14113759070634843, 0.14080030033985774, 0.14057967762152354, 0.1402933512131373, 0.1400781887769699, 0.1396394716699918, 0.1394487742582957, 0.13912994901339212, 0.13891593913237255, 0.13867776582638422, 0.13852317879597345, 0.13844256321589152, 0.13819676041603088, 0.1380804635087649, 0.13794244209925333, 0.13782450795173645, 0.13764956186215083, 0.13756251245737075, 0.13744855493307115, 0.13737637430429459, 0.13731563836336136, 0.13726285725831985, 0.13713725795348486, 0.13711492230494818, 0.13697746227184932, 0.13697033017873764, 0.1369085375467936, 0.13689451078573864, 0.13687623312075933, 0.1367714191476504, 0.13674326092004777, 0.13672041068474453, 0.1366637948155403, 0.13666293581326802, 0.13663757969935736, 0.13660103966792425, 0.13657216052214305, 0.13652773598829906, 0.13651629467805226, 0.1365298507610957, 0.13651744792858758, 0.13644206156333288, 0.13641244798898697, 0.1363492355744044]}