{"seq_len": 64, "num_hidden": 2, "hidden_size": 32, "lr": 0.001, "batch_size": 16, "grad_clip": 1, "nb_epoch": 50, "optimizer": "RMSprop", "crit": "MSE", "weight_decay": 0.1, "bidirect": true, "dropout": 0.4, "logger_level": 20, "fragment": 0.1, "features": "fc6", "overlapping": false, "train_losses": [0.09255509268714973, 0.09233677121658086, 0.09235387995322315, 0.09231434596311265, 0.09236753584820641, 0.09231214312143868, 0.09233770566150862, 0.09234515876152152, 0.09233384685651874, 0.09236588387934919, 0.09232760718189223, 0.0923463693157786, 0.09234914979637243, 0.09236751636041612, 0.09231442955963184, 0.09235371118106364, 0.09235097887084204, 0.09234994766167823, 0.09232832151169033, 0.0923195260510509, 0.09236849469773342, 0.09232789978585951, 0.09236949382920485, 0.09235709180664235, 0.09234303544654093, 0.09231226597706248, 0.09234627988727796, 0.09233226184957519, 0.09232944652782699, 0.09238442238815028, 0.09233656312430526, 0.09233851666223107, 0.0923484550117872, 0.09233181688913031, 0.09233177113768452, 0.0923849938505532, 0.09234932426054583, 0.09231071393068356, 0.0923705513450911, 0.09232814369547344, 0.09233280714881213, 0.0923384200487293, 0.09234628377048036, 0.0923504738463717, 0.09227912723730984, 0.09235577709499122, 0.0923586661904074, 0.09233409538147307, 0.09237826617725323, 0.09233761538602483], "test_losses": [0.14027482577538128, 0.13881818806459456, 0.1379766890656222, 0.13961871331415807, 0.13843580193552874, 0.14028749395596798, 0.13941917220499309, 0.1391935389923868, 0.13949978084960565, 0.13861978594875576, 0.13985293218629613, 0.1384231983707641, 0.13888331544278237, 0.13870314172076695, 0.13950235653801013, 0.1385336196437705, 0.1397351001762799, 0.13971016828330035, 0.1394704724401992, 0.13854497761895815, 0.13848203144551532, 0.14029639832637636, 0.1396737386505616, 0.1403151576024324, 0.14019948868128249, 0.13992293617749577, 0.13917779899793228, 0.13966268563860565, 0.13877739851849938, 0.1385136131896888, 0.1400637880421532, 0.1391945231119691, 0.13967921876060177, 0.13956676242012664, 0.13886726031146074, 0.1382184637152604, 0.13957126011249377, 0.1395991977852613, 0.1387618243089182, 0.14034468697639285, 0.13965354035348457, 0.13921426803932577, 0.1392479889889054, 0.13939236726630763, 0.13985802832669414, 0.13780256553652323, 0.13875884901221633, 0.13995133953046074, 0.13856868663339444, 0.14034656004100887]}