{"seq_len": 32, "num_hidden": 2, "hidden_size": 256, "lr": 0.001, "batch_size": 128, "grad_clip": 100.0, "nb_epoch": 50, "optimizer": "SGD", "crit": "MSE", "weight_decay": 1e-06, "dropout": 0.1, "logger_level": 20, "fragment": 0.3, "train_losses": [0.10554293135003229, 0.09450076827451812, 0.09273282659413228, 0.09174859999262508, 0.09105497890680879, 0.09034010247519268, 0.0900165368264644, 0.08957594797838872, 0.08918736860081179, 0.08902928783516188, 0.0886856044207386, 0.08845793358494888, 0.08832188025491322, 0.08810973268507713, 0.08795485960029477, 0.0877242439506042, 0.08755634159748278, 0.08728349605696885, 0.08712208581779471, 0.0869797576761725, 0.08681380262027434, 0.08664921959440912, 0.08639225910356896, 0.08621665925236803, 0.08608016300590793, 0.08587307973423196, 0.08564864284354239, 0.08557468072403615, 0.08543290830587023, 0.085311553417588, 0.08515514598120397, 0.084954125348048, 0.08488872351508643, 0.08463905062807266, 0.08450200809306235, 0.08434086543830795, 0.0841385761472448, 0.08401235814519863, 0.08391089565190837, 0.08372174506660682, 0.08365220351884113, 0.08344187872044405, 0.08329492388059147, 0.08314528308771363, 0.08307415153363243, 0.08294634629583839, 0.0827189539395385, 0.08274017120875306, 0.08247132075192341, 0.08220733799527039], "test_losses": [0.16459958970546723, 0.13612563798824945, 0.13586820552746454, 0.1356949547926585, 0.13575743595759074, 0.13534302035967508, 0.13551749259233475, 0.13546409795681635, 0.13505166818698247, 0.13516614268223445, 0.13512503733237585, 0.1352039611339569, 0.13501182546218235, 0.13500185360511144, 0.13497977197170258, 0.13530485302209855, 0.13514478931824367, 0.13489981869856515, 0.13446353445450465, 0.13490875055392584, 0.1347524952888489, 0.13464742481708528, 0.13456326802571614, 0.13433974027633666, 0.1336687367161115, 0.13417534440755843, 0.13403212616840998, 0.13359853078921635, 0.1340567499399185, 0.1338006376226743, 0.13377006500959396, 0.1333692220846812, 0.13388326565424602, 0.133595177034537, 0.1335064263145129, 0.1337493226925532, 0.13378298431634902, 0.13350845197836558, 0.13333569844563803, 0.13421716362237932, 0.13303820699453353, 0.1328501010934512, 0.1330270664890607, 0.1332277164856593, 0.1337255742152532, 0.13281190325816472, 0.13281311392784118, 0.13435214628775916, 0.13185853491226832, 0.13356311549743016]}