{"seq_len": 64, "num_hidden": 3, "hidden_size": 128, "lr": 0.0001, "batch_size": 64, "grad_clip": 1, "nb_epoch": 25, "optimizer": "RMSprop", "crit": "MSE", "weight_decay": 1e-05, "bidirect": true, "dropout": 0.3, "logger_level": 20, "fragment": 1, "features": "all", "overlapping": true, "model-with-CNN": false, "train_losses": [0.008179960956256005, 0.002890171593654964, 0.0021095490006863417, 0.0017970844253736946, 0.0016815746741194295, 0.0016077445133948678, 0.001545188918287144, 0.0014934780497949868, 0.0014478653969902558, 0.0014207777884704146, 0.0014108776786914941, 0.0013615543894342022, 0.0013450929618444873, 0.001336347618468898, 0.0013138650901180094, 0.001284892989158593, 0.0012971284795779941, 0.0012632316141730127, 0.001260350892370142, 0.0012424395477326762, 0.0012409090037918283, 0.0012256519710939257, 0.0012273216864129295, 0.001215347383050779, 0.0012080238002692514], "test_losses": [0.14161972117339036, 0.13521722939373762, 0.13671689104220533, 0.13288104550840898, 0.13623335301997463, 0.13109458535302682, 0.13041537886299573, 0.13229303602167156, 0.131534301988826, 0.1407408179552152, 0.13125296050868548, 0.13752460719490245, 0.1321124999713752, 0.13586839000161458, 0.13122396932842775, 0.1374667367144903, 0.13382217040676206, 0.13549054587020892, 0.13744489883514627, 0.13325095220702243, 0.13238914591656684, 0.13094410461102388, 0.13075470649722637, 0.12810869863951035, 0.13401036489519713]}