{"seq_len": 64, "num_hidden": 1, "hidden_size": 512, "lr": 0.0001, "batch_size": 64, "grad_clip": 1, "nb_epoch": 25, "optimizer": "RMSprop", "crit": "MSE", "weight_decay": 1e-05, "bidirect": true, "dropout": 0.3, "logger_level": 20, "fragment": 1, "features": "all", "overlapping": true, "model-with-CNN": false, "train_losses": [0.014644038604281108, 0.003408543529664848, 0.002948740758941737, 0.0027467343200698424, 0.002620030199364115, 0.0025391740598342738, 0.0025271920316697646, 0.002410244841601424, 0.002394755558094271, 0.0023907558630702755, 0.002402563891226486, 0.002331629833970678, 0.002311685037704469, 0.002279282533362772, 0.002297401165346456, 0.0022609567052457994, 0.0022299858188623983, 0.0022783980040971723, 0.0022122975053532603, 0.002216091140504146, 0.002234336735504193, 0.0021884477510223186, 0.0022371772028977922, 0.0021992545727014725, 0.002196919851224634], "test_losses": [0.1972070948776548, 0.13180650943651218, 0.1285467002609111, 0.12992397328561775, 0.12932834337235954, 0.12725630701498683, 0.1310084459130973, 0.1291318436109607, 0.13052928682925016, 0.13129163446955672, 0.1289316875112761, 0.13083164082828705, 0.12998622728705164, 0.1292065902178739, 0.13012248641847352, 0.13036039618816977, 0.130418063226761, 0.12838004520371588, 0.13927807847072055, 0.1337463485794009, 0.12934249217665608, 0.1294505126819834, 0.12905183917029084, 0.1326527220411359, 0.1312643765583786]}