{"seq_len": 1, "num_hidden": 2, "hidden_size": 128, "lr": 0.0001, "batch_size": 64, "grad_clip": 1, "nb_epoch": 25, "optimizer": "RMSprop", "crit": "MSE", "weight_decay": 1e-05, "bidirect": true, "dropout": 0.3, "logger_level": 20, "fragment": 1, "features": "all", "overlapping": true, "model": "FC", "train_losses": [0.0851798907624808, 0.07699461320018272, 0.07213645761676338, 0.06918090033748013, 0.06723783594440688, 0.0655454521875693, 0.06427502894875024, 0.06324101150113295, 0.06258813599048496, 0.061741290244798616, 0.06110343566605491, 0.06063637019597608, 0.06017757763874557, 0.05980227145891147, 0.059405731508797334, 0.05913430980165401, 0.058862684132792636, 0.05853374167424976, 0.05824190842813267, 0.058140340079321805, 0.057827799136417835, 0.057752762531893466, 0.05752684582376046, 0.05731445933403841, 0.05723536497434157], "test_losses": [0.13442538453499317, 0.13521502097368715, 0.1293461184289536, 0.12923137913226607, 0.1302733572262893, 0.1280257339268982, 0.1289870584490996, 0.12916504249539573, 0.12965567328524638, 0.1287827573227835, 0.1315137437928031, 0.13208953824420097, 0.12984742197554344, 0.13012351797778848, 0.13056959987990188, 0.1297184651787902, 0.1300599966975851, 0.12920961767494324, 0.1306864769155415, 0.13215844145055794, 0.13202338019908066, 0.13128279565757597, 0.1324217810515855, 0.13114721964948456, 0.13109983392726357]}