{"seq_len": 32, "num_hidden": 2, "hidden_size": 1024, "lr": 0.001, "batch_size": 128, "grad_clip": 10.0, "nb_epoch": 50, "optimizer": "SGD", "crit": "MSE", "weight_decay": 0.0001, "dropout": 0.5, "logger_level": 20, "fragment": 0.3, "train_losses": [0.09632925389699601, 0.09155580697197412, 0.08964877249907009, 0.08837813719283397, 0.0875568111712609, 0.08671218999216904, 0.08594936446927899, 0.0851827977066064, 0.08456794520718368, 0.08396488413139803, 0.08330170798990595, 0.08291327983290706, 0.08222131756831653, 0.08184755776994791, 0.08136419060841278, 0.08092500988262982, 0.08054996139589865, 0.08015636440797068, 0.07974616522390639, 0.07935930689300724, 0.07889142303011525, 0.07850549744451465, 0.0780187123010506, 0.07795333615200005, 0.07768931501924094, 0.077235805348086, 0.07692399935506695, 0.07687948741505493, 0.07621178448424866, 0.07605019262313244, 0.07578962043526784, 0.07579705235197316, 0.07543846313378319, 0.07519665532675221, 0.07496371756696221, 0.07472974769583898, 0.07442520622482252, 0.07413740379352067, 0.07384065055667456, 0.07375058292144507, 0.07363396590978057, 0.0732779685763558, 0.07318188476577477, 0.0728526880318795, 0.07251665531540635, 0.07239709882505575, 0.07211264698349651, 0.07198090819482827, 0.07186364004360371, 0.07203224561546916], "test_losses": [0.1394100015362104, 0.1340383106470108, 0.13378451526165008, 0.13277333239714303, 0.13069652318954467, 0.131165944536527, 0.13070102383693058, 0.1332789820432663, 0.1312825788060824, 0.13047102193037668, 0.1318835245569547, 0.13148615568876265, 0.13018564303716024, 0.12992582062880198, 0.13112349102894466, 0.1320772264401118, 0.12932261397441228, 0.13296167731285094, 0.13627414882183075, 0.12933616131544112, 0.13147957136233648, 0.12908743391434352, 0.13181037684281668, 0.13455654273430506, 0.1304185664653778, 0.12743372211853662, 0.13572052319844563, 0.12865389029184976, 0.13250297596057256, 0.12985735019048056, 0.12988290985425313, 0.1323771326740583, 0.13176346162954966, 0.12815398434797923, 0.12975550125042598, 0.13011967182159423, 0.12774028211832048, 0.13207792858282724, 0.12835176010926563, 0.1308077672123909, 0.12885203917821247, 0.1266420637567838, 0.1340171914299329, 0.1301458078622818, 0.13065530200799305, 0.13100335717201234, 0.1305881988008817, 0.13147173831860223, 0.12620977322260538, 0.13061164210240045]}