{"seq_len": 64, "num_hidden": 2, "hidden_size": 128, "lr": 1e-06, "batch_size": 32, "grad_clip": 1, "nb_epoch": 100, "optimizer": "RMSprop", "crit": "MSE", "weight_decay": 1e-06, "bidirect": true, "dropout": 0.5, "logger_level": 20, "fragment": 1, "features": "all", "overlapping": true, "train_losses": [0.0943788865857501, 0.08709220638452007, 0.08336795277190116, 0.07967716328842792, 0.07616823388403551, 0.07291902188419837, 0.07005910072080891, 0.06780244280908954, 0.0660968552578621, 0.06469807572777675, 0.06344088179943994, 0.06235124894089437, 0.061421252154746954, 0.060694748629064, 0.06012266972864869, 0.059679903774764495, 0.05927546313875902, 0.05894995583705819, 0.058617559433528914, 0.05827705769769144, 0.057999783881396226, 0.05776662585435001, 0.05754835707977098, 0.05733900032506857, 0.05715757564987865, 0.05700011378968842, 0.0568603606460354, 0.056705224140760756, 0.05657176578234386, 0.05643505554409385, 0.05629667765559603, 0.05615112806934153, 0.055960851321301935, 0.05559265017222347, 0.05524746569264716, 0.05485696125208528, 0.05437667499043349, 0.053962238980654574, 0.05369213556508338, 0.0534679523172119, 0.05328714785978973, 0.05309679548476817, 0.05294142838833075, 0.05282435127406566, 0.052720566023578996, 0.05260740375946597, 0.052483751307562825, 0.05236652681033391, 0.052258389868086244, 0.05216788211998912, 0.05208991467522059, 0.051998047849346446, 0.05190094637833464, 0.05180464503794966, 0.05172592027970591, 0.05164996585548498, 0.05158485493089767, 0.05150564642253409, 0.05143941409512637, 0.051360290387002946, 0.051287934831514066, 0.05122832994053934, 0.05116591699033803, 0.05111478797387985, 0.05105889883961866, 0.05101188322984988, 0.050956966514072895, 0.050913084971652096, 0.05087760956688768, 0.050846933867057395, 0.05080479813635579, 0.0507831592909518, 0.05075225205535719, 0.05071032325771273, 0.050677546224267955, 0.05065104830615323, 0.05061990290320333, 0.05059264783454998, 0.050572763766684285, 0.050553496092959865, 0.05051604466645589, 0.05049901700548124, 0.05048185112941759, 0.05045617246257432, 0.05044010623944977, 0.05042132660997798, 0.05039539153980152, 0.0503763685286447, 0.05036120002655051, 0.050337987622113355, 0.05033222051742908, 0.050316589970952744, 0.05028904368078088, 0.05028129388113472, 0.0502690595145802, 0.05024635761344594, 0.050237316305180274, 0.05021957693144191, 0.0502053986538582, 0.05019214947157053], "test_losses": [0.13712417158876355, 0.13985290923644764, 0.14515725408550675, 0.148501307751972, 0.1506492384575558, 0.15137741374465183, 0.15171888674192593, 0.15147527510055345, 0.15164002025771456, 0.15073495160002226, 0.15008101327521356, 0.14956041550782112, 0.1499140769410328, 0.14941286859192737, 0.14909354180370996, 0.14933711205296804, 0.14953830223777365, 0.1489995299979938, 0.1491997100709046, 0.1489178943509477, 0.14881918572504585, 0.1482848324542381, 0.1483409707106946, 0.14808808085598835, 0.1479682928363239, 0.1476980615919883, 0.14732818832577307, 0.1472173471167061, 0.14663106376242566, 0.14672034166973544, 0.14686947720738605, 0.1463250100962005, 0.14582625951971118, 0.14449216823390743, 0.1432800863420441, 0.14231988570437398, 0.14158359245908855, 0.14083073790224077, 0.14052214920824577, 0.14019847494169355, 0.14037517092127075, 0.1403430294507505, 0.13976303722698025, 0.14011692937755926, 0.1397305465589119, 0.13936647231273816, 0.13948161221060915, 0.13949488357818332, 0.13925970092066445, 0.1394673030933595, 0.13946988833849827, 0.13928719275041457, 0.13904911367019504, 0.13912941747849142, 0.1388092998806368, 0.1391284648598638, 0.13875518989095142, 0.13892334576593626, 0.13878926589978702, 0.13888800794317574, 0.13865829673078325, 0.1386748385007107, 0.13868784071321275, 0.13837891560385837, 0.1384694567833107, 0.13823935274836, 0.1384684089704148, 0.13820952357046465, 0.13809365409290633, 0.13786240656471885, 0.13772065312460172, 0.13788698151115247, 0.1378548414304959, 0.1377090578718409, 0.137628484673031, 0.13766462177372368, 0.13727517270318837, 0.1373181274117072, 0.13755171877407033, 0.13744283934616533, 0.13710945480855355, 0.13715315330678657, 0.13714186816830398, 0.13691989405348395, 0.13672353069048288, 0.13675636380424802, 0.13666706504138845, 0.1365766285194291, 0.13651780349702766, 0.13641825172514727, 0.13649942071217888, 0.136215519406866, 0.13612618080124822, 0.1362277689892096, 0.1362452979116994, 0.13632616824513183, 0.13621784374497595, 0.13599267259437617, 0.13624577850073, 0.13618366729380765]}