{"seq_len": 40, "num_hidden": 1, "hidden_size": 32, "lr": 0.001, "batch_size": 128, "grad_clip": null, "nb_epoch": 100, "optimizer": "SGD", "crit": "MSE", "weight_decay": 0, "dropout": 0, "logger_level": 20, "fragment": 1, "train_losses": [0.12028449466268282, 0.10570041734685666, 0.10160935748713332, 0.09951835113248261, 0.09777163524514175, 0.09658086158572632, 0.09594524616717569, 0.09504382921685217, 0.0941711779011128, 0.093627540324002, 0.09330986553240618, 0.0926958065259529, 0.09263563806216525, 0.0919799152733433, 0.0916172013037212, 0.09153338239071764, 0.09118278181019249, 0.09087559142982381, 0.09068071967123673, 0.09047347621508904, 0.09063519191488692, 0.09006712619393317, 0.0900042748731619, 0.09001235072592864, 0.08969142447382619, 0.08948687379487277, 0.08956149738276312, 0.08931508096435273, 0.08951458771330091, 0.08916954198719337, 0.0889775915854301, 0.08896314825902217, 0.08879577264483673, 0.08877145206168498, 0.08860361164263329, 0.08870919401529888, 0.0887178533875888, 0.08841322236079638, 0.08844327180447094, 0.08835994837768885, 0.08845044860166917, 0.08815035604969322, 0.08808701654418466, 0.08801242695592784, 0.08832524086550805, 0.08789012121878938, 0.08785888955579316, 0.08813644046803346, 0.08787742417661844, 0.08770010405543723, 0.08770429988551393, 0.08769607353441089, 0.08769867110189067, 0.08768051089393894, 0.08752219628243056, 0.0875860209010078, 0.0874500922259503, 0.08746577006777428, 0.08737968176331976, 0.08736000823391225, 0.08733406919019356, 0.08722717403144503, 0.08720485787352544, 0.08738292147700812, 0.08716333937323871, 0.08737963855221348, 0.08711574847028451, 0.08714021094516484, 0.087294019589113, 0.08706622387032407, 0.08701384330962605, 0.08704809457832476, 0.08701190447691992, 0.08690885143786985, 0.08694297075271606, 0.08703687872980723, 0.0868275938739319, 0.0871499253999391, 0.08723266304036735, 0.08672988299020369, 0.08668583983128639, 0.08690978424999529, 0.08690130666508841, 0.08670134391856121, 0.08680142406854717, 0.08682952700281722, 0.08659855072840211, 0.08653975709882736, 0.0865145271816411, 0.08648829885132396, 0.08648456553667105, 0.08644944806166321, 0.08651554888631578, 0.0864997125359334, 0.0864434157115194, 0.08633470835873634, 0.08645726013391622, 0.08647317273121141, 0.08652790513720607, 0.08655971796315429], "test_losses": [0.19340215232824126, 0.1570326412517217, 0.15164845214495737, 0.14930665871549037, 0.14705600334151137, 0.14622920012522128, 0.1452697753125141, 0.14557901866013004, 0.14408492122686678, 0.14344940184345167, 0.14340168661287717, 0.14320964744735148, 0.14220912970842853, 0.14244989909592173, 0.14218844842886733, 0.1414529689918122, 0.14175550549501373, 0.14148957093035983, 0.1407629899199932, 0.14115216417778884, 0.1408250741660595, 0.14065231905589182, 0.14031135945791198, 0.14122409541760722, 0.14110495883130258, 0.14033528110913693, 0.1409706205970818, 0.13993074690863008, 0.13922666941559123, 0.1397183334995662, 0.1397928146104659, 0.13970079281998257, 0.13995522356802417, 0.13913258549667173, 0.13978010713453254, 0.13988836590320833, 0.13897809296125366, 0.13927164812001488, 0.1399172167143514, 0.13952645124687302, 0.1390503503742718, 0.14012755579765765, 0.13944964426299256, 0.13871985403520445, 0.13827670359563443, 0.1396626737569609, 0.1390457671856688, 0.13895740266889334, 0.13902366617994924, 0.1394520488777949, 0.13925131882030156, 0.1387139729434444, 0.1390321113830132, 0.1389428587750562, 0.13760300079781201, 0.13889452346390294, 0.1390547640020809, 0.13778156345529902, 0.13899821598803805, 0.13884104737230846, 0.13930554054076633, 0.13951154230462928, 0.13872853570407437, 0.13826998710752494, 0.1390350314097539, 0.1381624195604555, 0.13914733211840352, 0.1387764784176984, 0.13843915067733295, 0.13882887588753814, 0.13893763708972162, 0.138374904471059, 0.13911171476807324, 0.1379611867389852, 0.13849545153038156, 0.13619768898934126, 0.13796791806817055, 0.13826422684735828, 0.139659283502448, 0.1383866425002775, 0.13900651250995935, 0.13849999995962267, 0.13829727395768127, 0.13854990929605498, 0.13831594667487568, 0.1382793107580754, 0.13854845757445983, 0.13888502256163665, 0.13830317589904992, 0.1387459431444445, 0.13835321652192262, 0.13866124668669316, 0.1387568452365456, 0.1384118108018752, 0.13891238451845223, 0.1379679735569704, 0.13833413774808567, 0.13766947529849508, 0.13818463472829712, 0.1387552188469037]}