{"seq_len": 64, "num_hidden": 2, "hidden_size": 32, "lr": 0.001, "batch_size": 16, "grad_clip": 1, "nb_epoch": 50, "optimizer": "RMSprop", "crit": "MSE", "weight_decay": 0.1, "bidirect": true, "dropout": 0.4, "logger_level": 20, "fragment": 0.1, "features": "cl", "overlapping": false, "train_losses": [0.09334344442696929, 0.09248519163428015, 0.09244312206731825, 0.09249794718617418, 0.09247669262492128, 0.092436334444838, 0.09247023971151984, 0.09246024424084578, 0.0924591840619871, 0.09248104011765565, 0.09248164988810156, 0.09246847599113148, 0.09244736675926715, 0.09250129917223789, 0.09246669607757374, 0.09246679048748374, 0.09247690729926088, 0.0924730051402182, 0.09246673420617116, 0.09249321736668116, 0.09241783791912543, 0.09249669783578213, 0.09246663309217418, 0.09250617015798197, 0.09247776570950629, 0.09247706723551989, 0.09246653954360297, 0.09246301155013385, 0.09249183789670812, 0.09246026866697851, 0.09246329430612756, 0.09251471167441049, 0.09247138397857863, 0.09248741506554028, 0.0924582330721766, 0.09246721873795595, 0.09246742731114573, 0.09248710499792889, 0.09247119935060742, 0.09245189831292469, 0.09244699372778968, 0.09249329621507024, 0.09248666674874881, 0.0924525296024849, 0.09248398307545797, 0.09245803035609065, 0.09250423118385966, 0.09249265939140826, 0.09242974644480183, 0.09247957154936184], "test_losses": [0.14017429569651027, 0.13945422881297048, 0.14016088487835704, 0.13863682746887207, 0.1402990912952399, 0.13970580099500376, 0.13914357606075742, 0.13920086172177706, 0.13921480134205164, 0.13876491149669976, 0.13897910789789888, 0.13943263631181668, 0.1405681497251927, 0.13933124623927973, 0.1392582294904641, 0.1394973018296479, 0.13891988690129392, 0.13966077032881946, 0.13965885125592276, 0.1390891857256139, 0.13950710134760377, 0.1391914412757467, 0.13957206651492773, 0.13894677147042328, 0.1397193532985479, 0.1400456502277234, 0.14057613621810972, 0.14051726672250003, 0.13900028312871904, 0.1397654589284495, 0.13907177424824177, 0.13897378810771227, 0.13930514333816954, 0.14008396644580182, 0.13970919653092545, 0.13853699086129967, 0.13890764378200327, 0.138968431858847, 0.14047419518081064, 0.13921475508793962, 0.13985686753001916, 0.1390545621589961, 0.13956638168411206, 0.13964435700232608, 0.13953281398200748, 0.1389765975817206, 0.13854058601226904, 0.13865540770407256, 0.1400923492566583, 0.1387728079775263]}