{"seq_len": 32, "num_hidden": 2, "hidden_size": 64, "lr": 0.001, "batch_size": 128, "grad_clip": 1.0, "nb_epoch": 50, "optimizer": "SGD", "crit": "MSE", "weight_decay": 0.0001, "dropout": 0.3, "logger_level": 20, "fragment": 0.3, "train_losses": [0.09932002380265663, 0.09645638667309105, 0.09560360841864916, 0.09530910748482949, 0.0950615854943218, 0.09481750526020874, 0.09446277394516384, 0.09426549795883984, 0.09416699282188512, 0.09387667432202766, 0.09370008900986244, 0.09354869313725275, 0.09349439236985978, 0.09327699532311166, 0.09316252628762518, 0.09311368376316137, 0.09299381653867175, 0.09296712503960385, 0.09291098914553772, 0.09277400509196909, 0.09271367564423, 0.0926362708510466, 0.09246396217214402, 0.0924938616890404, 0.0924336795681086, 0.0923280803926626, 0.09232670783846822, 0.09223502174244454, 0.09221166739212208, 0.09198792641935637, 0.09191342342139489, 0.09200050782917732, 0.09206317073136717, 0.0918536616779452, 0.09192821795317396, 0.09167696573027415, 0.09171223329689035, 0.09161937551282757, 0.09162759185586143, 0.09152433294896505, 0.09146505305964743, 0.09142156435766412, 0.09151188209278499, 0.0913801624921698, 0.09133678333992934, 0.0912550923288168, 0.09131234805637868, 0.09131249841583435, 0.09112849606940494, 0.09109901539494644], "test_losses": [0.13895096361637116, 0.13601846128702164, 0.13622762640317282, 0.136450159351031, 0.13651711195707322, 0.13656202882528304, 0.13646690299113592, 0.13648303071657816, 0.1365391450126966, 0.13648558189471563, 0.13638019700845083, 0.13642318218946456, 0.13639811644951502, 0.1362895933787028, 0.13625273336966834, 0.136111301779747, 0.13606080094973247, 0.13601278215646745, 0.13598344067732493, 0.1358932371934255, 0.1359764188528061, 0.13585568765799205, 0.13587689518928528, 0.13580956836541494, 0.1357706684867541, 0.1357352857788404, 0.1356913800040881, 0.13568450897932052, 0.13565412292877832, 0.1357012223203977, 0.13551933894554774, 0.13546434978644054, 0.13547760506471, 0.13562399168809255, 0.13549806088209151, 0.135426917274793, 0.13534530729055405, 0.13536856730779012, 0.13530229757229487, 0.13538869798183442, 0.13528083374102912, 0.13533927510182062, 0.1352723480264346, 0.13531791230042775, 0.13517259885867436, 0.13517266442378362, 0.13517363041639327, 0.1351873454451561, 0.13503268798192342, 0.1348364359140396]}