{"seq_len": 64, "num_hidden": 2, "hidden_size": 32, "lr": 0.001, "batch_size": 16, "grad_clip": 1, "nb_epoch": 50, "optimizer": "RMSprop", "crit": "MSE", "weight_decay": 0.1, "bidirect": true, "dropout": 0.4, "logger_level": 20, "fragment": 0.1, "features": "cedd", "overlapping": false, "train_losses": [0.09327176829839488, 0.0927168289217416, 0.0927241785606093, 0.09271608229891642, 0.09272868804963798, 0.09269077199473547, 0.09269216541839702, 0.09268975036796577, 0.09272560298528974, 0.09269853743055192, 0.09267555858387194, 0.09272426386186153, 0.09269676279987214, 0.09272038284868633, 0.09271155867675367, 0.0927210763843303, 0.09267962530886967, 0.09273970348182671, 0.09272142323110834, 0.09272742723626208, 0.09267917793667615, 0.0927182184478451, 0.09271420833433984, 0.09269563076382427, 0.09268565804685013, 0.09272267987416888, 0.09267474525753473, 0.09269131422904185, 0.09265923828805343, 0.0927230933455029, 0.09271412530127977, 0.09269759967664763, 0.09273048247675446, 0.09270322250349443, 0.0926937990838048, 0.0927107862568315, 0.0926835454698932, 0.09270697154521024, 0.09268909257070407, 0.09269003814843578, 0.092708905179032, 0.09272807800643476, 0.0927003213565129, 0.0926765017785663, 0.09272523043472643, 0.09272089601998613, 0.0926731693736046, 0.09272275140117818, 0.0927025299942792, 0.09269265226861875], "test_losses": [0.1558858917524972, 0.13797901381695937, 0.1382918949735346, 0.1379823312352454, 0.13888283648769262, 0.13945056706061823, 0.13949342786811936, 0.13836617102175194, 0.13837330499049372, 0.13879486332236207, 0.13932189303757575, 0.13801074636920455, 0.13829738684565887, 0.13772362281525802, 0.13998923110326533, 0.1398465883762098, 0.14055550888861496, 0.13803771777352705, 0.1386761881675817, 0.13827806380270097, 0.1383577933166233, 0.13900467798794586, 0.1401760096326092, 0.1394406072228088, 0.13853900187511733, 0.13821066662593542, 0.13768821444154392, 0.14094385145430638, 0.13856551773505768, 0.1386151480568847, 0.13975417345459692, 0.13852698616872583, 0.13869061521467219, 0.1401508198625545, 0.13902096628083796, 0.1399853833511396, 0.1396272135189342, 0.1386696572609359, 0.13920098864638866, 0.1386274841949722, 0.13916453371193202, 0.13912051972852746, 0.1398715607935402, 0.13870475953681216, 0.13816897896340655, 0.13903989828177515, 0.14039768513084064, 0.13923896973962105, 0.13905782229858002, 0.1393969877041536]}