{"seq_len": 32, "num_hidden": 2, "hidden_size": 1024, "lr": 0.001, "batch_size": 128, "grad_clip": 100.0, "nb_epoch": 50, "optimizer": "SGD", "crit": "MSE", "weight_decay": 0.01, "dropout": 0.5, "logger_level": 20, "fragment": 0.3, "train_losses": [0.09616829237746234, 0.09100126624856163, 0.08889212148572931, 0.08766719814970265, 0.08669489487331716, 0.08571007544521111, 0.08495499867590228, 0.08416725335708215, 0.08350845692145764, 0.08295507691613394, 0.08226154770833163, 0.08185112895678036, 0.08117449935057655, 0.08088103951371495, 0.08044138352325814, 0.07998158616112105, 0.07949987390832086, 0.07907402036178052, 0.07875863597470911, 0.07831575109356612, 0.07796830429353906, 0.077581824369766, 0.07730277189657317, 0.0769332434851021, 0.07654330505048809, 0.07620656454757829, 0.07604347966873466, 0.07572297491694814, 0.07543356454552118, 0.07550895775682363, 0.075198766686509, 0.07479491084814072, 0.0746549109567949, 0.07414860626560958, 0.07399936945144854, 0.07402736117043088, 0.07417504148716902, 0.0736385492898112, 0.07310169418553013, 0.07322046930092065, 0.07257159380008228, 0.0723698894544762, 0.07217048995908182, 0.07214832493108721, 0.07192725444858397, 0.07168741831228362, 0.07142138653364613, 0.0712407882601472, 0.07109492008185866, 0.07095724986351315], "test_losses": [0.14313385585943858, 0.13806834419568378, 0.13536998232205708, 0.13511035174131394, 0.13487212429443995, 0.13521083345015844, 0.13370403031508127, 0.132556980351607, 0.13361050605773925, 0.13481380373239518, 0.1331333847840627, 0.1332520765066147, 0.13385740518569947, 0.13358472029368082, 0.13440984398126601, 0.1346383238832156, 0.13308493544658026, 0.13441219309965768, 0.13631037334601084, 0.13523925910393397, 0.1326198689142863, 0.13267433941364287, 0.13014396299918493, 0.13295224835475286, 0.13627115229765574, 0.13438780784606932, 0.13821513543526331, 0.13227517704168956, 0.13459051390488944, 0.1373447405298551, 0.13692767600218456, 0.13288902391990026, 0.13180971125761667, 0.13143080741167068, 0.13172889361778894, 0.13481838872035345, 0.13396940916776656, 0.13233017504215241, 0.13249788482983907, 0.13061690390110015, 0.1319460109869639, 0.1301643885175387, 0.13324616660674413, 0.13480369200309117, 0.1359662216901779, 0.13693715363740921, 0.14181945969661078, 0.13572509358326593, 0.13857843319574992, 0.13594745407501857]}