{"seq_len": 32, "num_hidden": 2, "hidden_size": 256, "lr": 0.001, "batch_size": 128, "grad_clip": 1.0, "nb_epoch": 50, "optimizer": "SGD", "crit": "MSE", "weight_decay": 0.01, "dropout": 0.3, "logger_level": 20, "fragment": 0.3, "train_losses": [0.09908149181748155, 0.0942981778527025, 0.09309861681718923, 0.09211481493621615, 0.09149605157462197, 0.09096822573162204, 0.09052696857769885, 0.09014296011259808, 0.08980514041742488, 0.08953394984180604, 0.08928977102790046, 0.08893047501543659, 0.088661646648268, 0.08842373740433448, 0.08828298155985885, 0.08795416212860663, 0.08782121632716164, 0.08768056759882213, 0.08741070157918499, 0.08727475903441559, 0.08712978754660591, 0.08688988547828329, 0.08675478634672548, 0.08664475785727477, 0.08643014661630793, 0.08634301960168772, 0.08605787319004835, 0.08598184083873903, 0.08582325961122561, 0.08576075481859284, 0.0856151325469041, 0.08550728000138873, 0.08532346358251332, 0.08516939501067501, 0.08520110528073718, 0.08505365428463299, 0.0848438116773289, 0.08470725268125534, 0.08471895256383934, 0.08453419340315775, 0.08429816908123505, 0.08430292610846572, 0.08408877496893083, 0.08390537933937868, 0.08374757289736715, 0.08369475400927079, 0.08352468529688054, 0.08341533248897773, 0.08330296874795128, 0.08312109599460908], "test_losses": [0.1335230036576589, 0.13741439282894136, 0.1391743998726209, 0.13886599093675614, 0.1385774201154709, 0.1386227688193321, 0.1387616561849912, 0.13817903608083726, 0.13811690827210743, 0.13814356525739033, 0.13751894583304722, 0.1372781061132749, 0.13742690573136013, 0.13713664948940277, 0.13701114376386006, 0.1369044010837873, 0.13742243985335031, 0.13681684732437133, 0.1370738101998965, 0.13657854209343592, 0.1361004916826884, 0.1363572386900584, 0.13598962207635243, 0.13630977312723797, 0.13621717800696692, 0.13642120073239009, 0.13607235610485077, 0.13617704232533773, 0.13632814109325408, 0.13609320094188054, 0.13627358029286066, 0.13577562312285105, 0.13623381316661834, 0.1360568283001582, 0.13606904218594232, 0.13611183444658914, 0.1356248546640078, 0.13549227476119996, 0.13572269111871718, 0.13504174023866652, 0.13503188143173853, 0.13507881214221318, 0.13513521403074263, 0.1353561826546987, 0.13525243272384008, 0.13440437773863476, 0.1344299226005872, 0.13574708491563797, 0.13532387723525366, 0.13532259653011958]}