{"seq_len": 1, "num_hidden": 3, "hidden_size": 512, "lr": 0.0001, "batch_size": 64, "grad_clip": 1, "nb_epoch": 25, "optimizer": "RMSprop", "crit": "MSE", "weight_decay": 1e-05, "bidirect": true, "dropout": 0.3, "logger_level": 20, "fragment": 1, "features": "all", "overlapping": true, "model": "FC", "train_losses": [0.08458118255470715, 0.07542418764037119, 0.07251163653935339, 0.06755032383995138, 0.06361323731115506, 0.061584972442523936, 0.06010672801299368, 0.059058475473366054, 0.058286596590178756, 0.05774856476858535, 0.05719684810276021, 0.05675312418161539, 0.056438642984730454, 0.05609424324580361, 0.055814828506567875, 0.055556388343694744, 0.05528969232078694, 0.05513721965281009, 0.054970211297572326, 0.0548086165012854, 0.05467070488683719, 0.05451436049035946, 0.05447392161235866, 0.054285808568011414, 0.05421859758014845], "test_losses": [0.13616523608772702, 0.13506950184732497, 0.13631652483705498, 0.13510547480573712, 0.13010102951858438, 0.128302364400912, 0.1323453212382779, 0.1314870305433425, 0.12916082336343307, 0.1324913037226167, 0.12956647172007363, 0.13032990578510179, 0.1329913380191056, 0.13148125426965965, 0.13100971540743503, 0.12961578192874404, 0.13060838132207958, 0.13003346291379947, 0.13102996195286928, 0.13147225318324732, 0.1310219342411157, 0.13019727728890615, 0.13119999061581156, 0.13147277321303577, 0.13124342284963333]}