{"seq_len": 32, "num_hidden": 2, "hidden_size": 64, "lr": 0.001, "batch_size": 128, "grad_clip": 1.0, "nb_epoch": 50, "optimizer": "SGD", "crit": "MSE", "weight_decay": 0.0001, "dropout": 0.5, "logger_level": 20, "fragment": 0.3, "train_losses": [0.12288990358461686, 0.10681547846027355, 0.10069717414415062, 0.09791202442580133, 0.09668332416957347, 0.09596755947150178, 0.09542634379324602, 0.09513884299813803, 0.09483378612665674, 0.09454491408775799, 0.09443807957609694, 0.09436923508817827, 0.09412859769622285, 0.09402147377256173, 0.0939186079118719, 0.09382935808082322, 0.09366150728272434, 0.09372512374691029, 0.09342965854322491, 0.09343849459485193, 0.09326543119834296, 0.09319369633443392, 0.0931452888639728, 0.09301126534914851, 0.09293022085374324, 0.09281611764550808, 0.09274766859996258, 0.09265364133682683, 0.09262487161249372, 0.09249232862912231, 0.09242189158896107, 0.09235714244932386, 0.09228222431549475, 0.09220074420448524, 0.09213534821217982, 0.09189837729212028, 0.09199570729654638, 0.09176845623919712, 0.09171372165332488, 0.09169242107988003, 0.09170567978117335, 0.09167106004066802, 0.09153159584232311, 0.09145591823599446, 0.09131496043960054, 0.09132267369996364, 0.09130205184071508, 0.09123656086286708, 0.09104239113217023, 0.09100802392516304], "test_losses": [0.1509291164080302, 0.1367676274975141, 0.13485355128844578, 0.1356326723098755, 0.13694524039824804, 0.1381582510471344, 0.13900262395540874, 0.13953936179478962, 0.13992229690154392, 0.14016897787650426, 0.14028666754563648, 0.14033388723929724, 0.14032177299261092, 0.14025959064563115, 0.14022068113088607, 0.14011481791734695, 0.14002217541138332, 0.13992805927991867, 0.13980440547068915, 0.1397399244705836, 0.13962299873431525, 0.1395114141702652, 0.1394580618540446, 0.13937231719493867, 0.1393120089173317, 0.13921223402023317, 0.13913117120663324, 0.13905370930830638, 0.1389770515759786, 0.13892206231753032, 0.13881385833024978, 0.1387248315413793, 0.1386300046245257, 0.13858743876218796, 0.13851708829402923, 0.13842650483051935, 0.1384310789903005, 0.13833405127127965, 0.1382779155174891, 0.13822267601887386, 0.13818133592605591, 0.1380880339940389, 0.13801386048396427, 0.13801059106985727, 0.1379227712750435, 0.13786003043254216, 0.13778946230808894, 0.1378473283847173, 0.13766782174507777, 0.1376272698243459]}