{"seq_len": 1, "num_hidden": 1, "hidden_size": 256, "lr": 0.0001, "batch_size": 64, "grad_clip": 1, "nb_epoch": 25, "optimizer": "RMSprop", "crit": "MSE", "weight_decay": 1e-05, "bidirect": true, "dropout": 0.3, "logger_level": 20, "fragment": 1, "features": "gabor", "overlapping": true, "model": "FC", "train_losses": [0.1012796254990361, 0.09853318898641983, 0.09759011265628853, 0.09714217571114378, 0.09695851727047937, 0.09680944969621781, 0.09679194977029926, 0.09664945020364582, 0.09663486971057338, 0.09659525001478265, 0.09656641168800564, 0.09650339976882351, 0.09643348668990262, 0.09648948470607632, 0.09650540119002463, 0.09645975976573952, 0.09646521497631215, 0.09647285603899468, 0.09643868458441389, 0.09644559686471112, 0.09645065786102655, 0.09641441979128162, 0.09639908076604826, 0.09637609347922323, 0.09636121616320603], "test_losses": [0.13968204535084738, 0.1332912758792608, 0.13465468093723237, 0.13682591393738097, 0.13435979956246275, 0.13574142564480632, 0.13648229015335647, 0.1344946743272408, 0.13334008047049847, 0.13717879363841137, 0.13425498626104168, 0.1327214137045574, 0.13438018218838196, 0.1359261066817621, 0.13291820889675832, 0.13391866364607044, 0.1357821748401251, 0.134010051164191, 0.13422897169236872, 0.13437808148014854, 0.1358563043547435, 0.1343610748263524, 0.1339902410035579, 0.13565939823332174, 0.1346742002882256]}