{"seq_len": 64, "num_hidden": 1, "hidden_size": 32, "lr": 0.0001, "batch_size": 64, "grad_clip": 1, "nb_epoch": 25, "optimizer": "RMSprop", "crit": "MSE", "weight_decay": 1e-05, "bidirect": true, "dropout": 0.3, "logger_level": 20, "fragment": 1, "features": "all", "overlapping": true, "model-with-CNN": false, "train_losses": [0.041081086006331244, 0.01574463310518025, 0.010779560934637425, 0.008507558831999593, 0.007145557532844655, 0.006280981915111787, 0.005653588914201926, 0.005220380435570019, 0.0049095892019854, 0.00468011264357779, 0.004511764700142796, 0.00435344685724318, 0.004241991923757483, 0.0041804690926030095, 0.0041064252468466025, 0.004013146670034388, 0.0039874418840983245, 0.003915767575175041, 0.0038697240839730977, 0.0038779011128602324, 0.0038254166241499877, 0.003785668609151545, 0.003748357714116516, 0.0037343274254512575, 0.003695019097849497], "test_losses": [0.20698483006046164, 0.1422118705122631, 0.13731139820911248, 0.13381723314523697, 0.13405632784555982, 0.13186793822924134, 0.13206955573527246, 0.13297464958033592, 0.13132714932355763, 0.13275917901708734, 0.13226055584529267, 0.13298568301009064, 0.13514836765294647, 0.13273596504130333, 0.14610586752413246, 0.13643788015223327, 0.13548802969836898, 0.13130974673994203, 0.13419792599323568, 0.1367224854874271, 0.13443384104068798, 0.1328506612820198, 0.13845713378941213, 0.13426683098077774, 0.13338123516856773]}