{"seq_len": 32, "num_hidden": 2, "hidden_size": 64, "lr": 0.001, "batch_size": 128, "grad_clip": 100.0, "nb_epoch": 50, "optimizer": "SGD", "crit": "MSE", "weight_decay": 0.01, "dropout": 0.3, "logger_level": 20, "fragment": 0.3, "train_losses": [0.1015725449925691, 0.09746625847253368, 0.09601086029904572, 0.0954307032814577, 0.09477814665092296, 0.09451040131362838, 0.0942244944934869, 0.09405019905549197, 0.09387790793599794, 0.09365733379694685, 0.09336300482552255, 0.09324866263710674, 0.09303571403625623, 0.09305069179990184, 0.09291017310104178, 0.09285150640573933, 0.09285105454113016, 0.09258575700036245, 0.0924761546541698, 0.09248970905740057, 0.09233184173778074, 0.09231071907970774, 0.0921955010923908, 0.09207336907860023, 0.09206951828907482, 0.09195583605736345, 0.09197062381248378, 0.0919203896393728, 0.09187446617001864, 0.09181525827802006, 0.09170196632194759, 0.0916468582336028, 0.09160557239498925, 0.09147762297535661, 0.09155405690921611, 0.09140093579663704, 0.09143876527721559, 0.09134651836588155, 0.09145749049570093, 0.09128227496716246, 0.09128709302176183, 0.09120103334961226, 0.0912520357936471, 0.09116464246757067, 0.09111739305695098, 0.09099720223764678, 0.09097388199525862, 0.09085548305930803, 0.09085954126700684, 0.09084167937986815], "test_losses": [0.14148337026437124, 0.1382679503162702, 0.13803190171718596, 0.13770204852024714, 0.13775049895048141, 0.1375821816921234, 0.13773361762364705, 0.13764424125353494, 0.13721700837214787, 0.13730263421932856, 0.13723139584064484, 0.13710987448692322, 0.13710004657506944, 0.13698910504579545, 0.1369704160094261, 0.13680329938729605, 0.13662482569615045, 0.13656826376914977, 0.13647510667641957, 0.1363292008638382, 0.13633965611457824, 0.13620337496201199, 0.13622153391440708, 0.13616135855515799, 0.13611219177643458, 0.13600330541531244, 0.13591079185406366, 0.13594618598620098, 0.13586478789647422, 0.13579866538445154, 0.13581634491682051, 0.13570969293514887, 0.1357452752192815, 0.13574216137329737, 0.13576550592978795, 0.13571211844682693, 0.1356087915102641, 0.13557553480068843, 0.13551867812871932, 0.1355124095082283, 0.1355111238360405, 0.13544208228588103, 0.1355230313539505, 0.13536603192488353, 0.13556369990110398, 0.13545732647180558, 0.1354066883524259, 0.1353737595677376, 0.1353178788224856, 0.13529722303152084]}