{"seq_len": 32, "num_hidden": 2, "hidden_size": 1024, "lr": 0.001, "batch_size": 128, "grad_clip": 1.0, "nb_epoch": 50, "optimizer": "SGD", "crit": "MSE", "weight_decay": 0.0001, "dropout": 0.1, "logger_level": 20, "fragment": 0.3, "train_losses": [0.09287886284104543, 0.08849870761734756, 0.08657420040974066, 0.08541060901766447, 0.08462675226543417, 0.08368820438732454, 0.08300884749422122, 0.08234350446929883, 0.08177852110197796, 0.08125385894772395, 0.0807297928399177, 0.08016999590037456, 0.07962334414373091, 0.07917130702928682, 0.07870297145154607, 0.07832113915502127, 0.07776008834641183, 0.07746803627616197, 0.07708459545919044, 0.07666949010524318, 0.07621671326795415, 0.075924932395094, 0.07553925771434702, 0.07522679399230972, 0.07481125006499002, 0.07446264696480641, 0.07428771858314175, 0.07398223934985286, 0.07353645110100358, 0.07321937238076824, 0.0729688950931307, 0.07274117816857358, 0.07245028698489295, 0.07205176815839869, 0.07189238852067809, 0.07177033561782621, 0.07155874057031757, 0.07124194008621139, 0.0709782537802979, 0.07072256713281924, 0.07054544086731858, 0.07020330779142116, 0.07001895845011251, 0.06966130671339418, 0.06952266477460238, 0.06943884033279203, 0.06928787824122151, 0.0689130441739631, 0.06873240542771229, 0.06857699668736914], "test_losses": [0.13961042374372482, 0.1352234101295471, 0.13400061508019764, 0.13336184710264207, 0.13430324057737986, 0.1331981639067332, 0.1319085900982221, 0.13115990310907363, 0.1313943499326706, 0.13121470769246418, 0.1324614973862966, 0.13230335881312688, 0.13171586523453394, 0.13233270287513732, 0.13153180082639057, 0.13184965352217357, 0.1318752658367157, 0.13148479680220285, 0.13284977416197458, 0.13183048099279404, 0.131664397418499, 0.131166490316391, 0.134012531042099, 0.1323371297121048, 0.13182135959466298, 0.13280051916837693, 0.13276875416437786, 0.13330893248319625, 0.13190190821886064, 0.13447990616162617, 0.13477569550275803, 0.1322130737702052, 0.13249910672505696, 0.13324331223964692, 0.13093989978233972, 0.1329868287841479, 0.1331242188811302, 0.1321938016017278, 0.13392432659864426, 0.13373191714286803, 0.133923456966877, 0.13252732495466868, 0.13201726406812667, 0.1360429029663404, 0.13413208136955898, 0.13351712663968404, 0.13336565236250558, 0.13338973770538967, 0.13418442517518997, 0.13391373256842296]}