{"seq_len": 1, "num_hidden": 1, "hidden_size": 32, "lr": 0.0001, "batch_size": 64, "grad_clip": 1, "nb_epoch": 25, "optimizer": "RMSprop", "crit": "MSE", "weight_decay": 1e-05, "bidirect": true, "dropout": 0.3, "logger_level": 20, "fragment": 1, "features": "all", "overlapping": true, "model": "FC", "train_losses": [0.09327315945391224, 0.0818828768757156, 0.07796563599714988, 0.07502223450328212, 0.07298965761527895, 0.07158050088193918, 0.0701567014954492, 0.06914009367901923, 0.06827364306905222, 0.06742887136145442, 0.0669010097732036, 0.0664368676714483, 0.06597863753072492, 0.06562815638675279, 0.06498765344465318, 0.06471091010777173, 0.06436602071027182, 0.06427235806494973, 0.06384986491615274, 0.06383292843831763, 0.06335947431939216, 0.06323019477366605, 0.06310055323039149, 0.06280310713335506, 0.0626025069878335], "test_losses": [0.1424364051661245, 0.1421710954716144, 0.13433056047730607, 0.13367896452990488, 0.13427309069789903, 0.1310953410049793, 0.13321722076676237, 0.1312561467823167, 0.13284889303488476, 0.13169874901148243, 0.13140577688131844, 0.13056411422329917, 0.13070634908040996, 0.13149867140156613, 0.13098842517341344, 0.13315860485698783, 0.1320178050170125, 0.13277651061476106, 0.132217998725638, 0.1340698376001705, 0.13265417461426074, 0.1339233785452947, 0.1346680533814857, 0.13328406715369367, 0.13346372960990752]}