{"seq_len": 64, "num_hidden": 1, "hidden_size": 8, "lr": 0.001, "batch_size": 16, "grad_clip": 1, "nb_epoch": 50, "optimizer": "RMSprop", "crit": "MSE", "weight_decay": 1, "bidirect": true, "dropout": 0.4, "logger_level": 20, "fragment": 0.1, "features": "eh", "train_losses": [0.10189759495142338, 0.0967732940823816, 0.09672065112947958, 0.09679392153874528, 0.09682973126857497, 0.09670014255222557, 0.09683000028621484, 0.0968243722769796, 0.09671860923972662, 0.09675335090944763, 0.09683013473402328, 0.0968292435139475, 0.09678501270438665, 0.09682334235264617, 0.0967624866276233, 0.09678960710706509, 0.0967572882972471, 0.09682793689170324, 0.0966812896691191, 0.0968444234761544, 0.09677958146799966, 0.09678668085923545, 0.09680232574341384, 0.09673680126064085, 0.0967733080647814, 0.09676998972117556, 0.09679504964134597, 0.09682872403334102, 0.09674869647863284, 0.0967499915876485, 0.09675325103003625, 0.09681325502018938, 0.09678794755842644, 0.0968526100851093, 0.0966026188091506, 0.09688190081531832, 0.09676448947719526, 0.09671414972270385, 0.09669604150287678, 0.09688275799097813, 0.09678587201903781, 0.0967328682872027, 0.09675107050062604, 0.09682015519093916, 0.09681032112797791, 0.09677820700096947, 0.09675244782442992, 0.09674910262858707, 0.09680722203816293, 0.09674692930571147], "test_losses": [0.18241070770672735, 0.1368417302666582, 0.1367801311733154, 0.13678689497679017, 0.13629639224352572, 0.1369431661772849, 0.13632822180459947, 0.1368624625094046, 0.13664812825355432, 0.13613601096995592, 0.13675022193320513, 0.1366277812096068, 0.13645515991800328, 0.13636666422870558, 0.1364108128520438, 0.1363500922086275, 0.13675152109510402, 0.1365404706164665, 0.13617554424226586, 0.13646522353445817, 0.13678800885749953, 0.13664931278240863, 0.13629901299470573, 0.13649707627931829, 0.13628896760759016, 0.1361790938198869, 0.13685088876994128, 0.13665195739813868, 0.1363985089178618, 0.13652795364106368, 0.13658679435549653, 0.1362700876472565, 0.13593560218962317, 0.1364765720167741, 0.13717714436163153, 0.13660012730184545, 0.13660392936716226, 0.13677566589286486, 0.13599485590070637, 0.13621937483549118, 0.13636508542420295, 0.13646491582926154, 0.13640225587913832, 0.13598591887255004, 0.1364131048699926, 0.13660376053776233, 0.13686389521445114, 0.13688475169657452, 0.13618446935705728, 0.13687342106539585]}