{"seq_len": 32, "num_hidden": 2, "hidden_size": 64, "lr": 0.001, "batch_size": 128, "grad_clip": 1.0, "nb_epoch": 50, "optimizer": "SGD", "crit": "MSE", "weight_decay": 0.01, "dropout": 0.1, "logger_level": 20, "fragment": 0.3, "train_losses": [0.1010190720234684, 0.09818804312740738, 0.09665529055511532, 0.0958419070770992, 0.09521711149706913, 0.09453511530130952, 0.09411485710335736, 0.09376430159537637, 0.0933567769638258, 0.0930343143754269, 0.0927528687682583, 0.09230278269504782, 0.09206946793213562, 0.09179985901368923, 0.09158508880204291, 0.09136717358426233, 0.09120640896223298, 0.09106300370627313, 0.09088456076593256, 0.09075086458993317, 0.0904923944766797, 0.09034382757829063, 0.09018366289647979, 0.0901132895044945, 0.089920470612732, 0.08977337499809025, 0.08961120764514309, 0.08949350120134689, 0.08936133490285682, 0.0892457193765209, 0.08902964243038215, 0.08900921275118488, 0.08900181604689689, 0.08886449836456596, 0.08867771141043859, 0.08861504476423838, 0.08854013247106543, 0.08842751207812946, 0.08829794120249437, 0.08822391159720157, 0.08822830837575635, 0.08808961424546026, 0.08795915173376026, 0.08793984009093375, 0.08790206527290632, 0.08777906105446456, 0.08765675258546618, 0.08761068534611458, 0.08763929216855734, 0.08744685898474114], "test_losses": [0.1370421482125918, 0.13779568324486416, 0.13839986195166906, 0.1387799667318662, 0.13909411003192265, 0.13936083575089772, 0.13923050731420517, 0.13923398186763128, 0.13910956521828968, 0.1393004897236824, 0.13841381738583247, 0.13847305297851562, 0.13843354165554048, 0.13843985388676325, 0.13841394285360972, 0.1381168794631958, 0.13809571474790572, 0.13800559709469476, 0.1375696313381195, 0.13805702596902847, 0.13790998895963033, 0.1379490198691686, 0.1373475357890129, 0.1378884728749593, 0.1381669137875239, 0.13821025510629018, 0.13773325910170872, 0.13738735198974608, 0.1377178807059924, 0.1380070991317431, 0.13713278671105703, 0.13701905687650046, 0.13629252662261326, 0.13737365404764812, 0.13752789119879405, 0.13734425405661266, 0.1366266577442487, 0.13680059959491095, 0.1370017292102178, 0.13669929494460423, 0.13682882517576217, 0.1364708834886551, 0.13688025544087093, 0.13735949476559958, 0.13651058048009873, 0.1365879213809967, 0.13756853550672532, 0.1370167731245359, 0.13730861922105153, 0.13646709462006887]}