{"seq_len": 60, "num_hidden": 1, "hidden_size": 32, "lr": 0.001, "batch_size": 128, "grad_clip": null, "nb_epoch": 100, "optimizer": "SGD", "crit": "MSE", "weight_decay": 0, "dropout": 0, "logger_level": 20, "fragment": 1, "train_losses": [0.12042879021387495, 0.10488033828006545, 0.10161408495884704, 0.0995095362700808, 0.09800609512492076, 0.0968567772944402, 0.09586561911849566, 0.09506507729467709, 0.09436720324688792, 0.0937795201388006, 0.09328439583381017, 0.09282190590730643, 0.09247823438382552, 0.09212181299421278, 0.09180508872147895, 0.09151094275227706, 0.09127692093131362, 0.09104814281981845, 0.09081619017730294, 0.09062297977564339, 0.09042481707263103, 0.09029783905925838, 0.0901451357132462, 0.09006282041699107, 0.08989450705170449, 0.08980531494967216, 0.08969344230749274, 0.08955952491948864, 0.08950573644284646, 0.08936393051515526, 0.08927443534273156, 0.08916479170597094, 0.08908707496299538, 0.08896076055486814, 0.08887248194437422, 0.08879609018014872, 0.08869703943782505, 0.08864054415724061, 0.08851092565123753, 0.0884008605473785, 0.0883969301200499, 0.08825306466189764, 0.08818462928227748, 0.08806618957704479, 0.08801616766073737, 0.0879256492638002, 0.08787543315171463, 0.08779926981473665, 0.08776012928255143, 0.08769441152223244, 0.08760877077205939, 0.08760117069916791, 0.08751413046443883, 0.08744364323383469, 0.0873909786961595, 0.08728508301044939, 0.08722235237215338, 0.0871613826402413, 0.08710755035853422, 0.0870419538904628, 0.08701346338527727, 0.08699885621872915, 0.08691550395272661, 0.08682935111533661, 0.08680163694691548, 0.08675713136723515, 0.08671204300565837, 0.08664457418722674, 0.08657567539522724, 0.0865254948078762, 0.086506664375281, 0.086469117454761, 0.08637840976043047, 0.08638297508938521, 0.08633364962496883, 0.0862671762201277, 0.08618682680133667, 0.08615009610279364, 0.0861377845276519, 0.08602714268476366, 0.08597122326195698, 0.08586438140973518, 0.08573450917197813, 0.08572486997474724, 0.085609499874386, 0.08551761487387292, 0.08545762045271751, 0.08539711883128513, 0.08531786153484966, 0.08525141911114782, 0.08518846069795928, 0.08511463829678141, 0.0850918828044802, 0.08499290614450399, 0.08496946887257645, 0.08493819891170423, 0.08490377165571703, 0.08486119285798109, 0.08479220630706913, 0.0847551342780872], "test_losses": [0.2972324429973354, 0.15675069113087847, 0.15311479120235133, 0.1509414346116345, 0.14888621036841618, 0.14818616405250581, 0.14734885357017438, 0.14593660219655774, 0.14517996950847348, 0.14442265860554648, 0.14419795836253865, 0.14390501207331333, 0.14299280093452796, 0.1426337910437487, 0.1426353248033097, 0.14244786026031991, 0.14193756820830872, 0.1416035942975583, 0.14129339067674265, 0.14138813038182452, 0.14136257301258848, 0.14081207329664774, 0.14074826367744586, 0.1406390825665094, 0.14068196465571722, 0.14084507200897226, 0.14074373799489764, 0.14050400644783081, 0.14031532134224728, 0.14035582590878495, 0.14016963711114433, 0.140201088434797, 0.13989347289127063, 0.1399849794078164, 0.1399799426033245, 0.13999050970726867, 0.14009772550042082, 0.13958483767824445, 0.1396430021803069, 0.1393955067648151, 0.1394723290653248, 0.13980228989952947, 0.13978004831124127, 0.13970712972123447, 0.1392476123159494, 0.13973950555290632, 0.13922816190898904, 0.13958857735482658, 0.13959037909299377, 0.13966601666032782, 0.13924666048913467, 0.13936291214048377, 0.13965566535063875, 0.13978732477237538, 0.13945427167464078, 0.13954899105720403, 0.13921215794071917, 0.13918555328031865, 0.13935265820322, 0.13934880625305138, 0.1394127907791758, 0.13951711505045736, 0.13928011120334874, 0.13908535296597133, 0.13927031481047955, 0.13917973510375836, 0.13936219309888234, 0.1389416798161782, 0.13894006449396049, 0.13902058113154356, 0.1391860849973632, 0.13905985532252768, 0.13929084103887643, 0.13929423335485341, 0.13897896476271676, 0.13944427990089586, 0.1392899954888394, 0.13911310389516798, 0.1394167615449041, 0.13927152855851785, 0.13892744987355016, 0.1388451563027816, 0.13906026268150748, 0.13876965130126573, 0.13945923597226298, 0.1387101113796234, 0.13907549524210333, 0.13903485986638844, 0.1385992938364909, 0.1394596618062597, 0.13887996347696802, 0.1390711626689124, 0.13918521791333105, 0.1391583995181855, 0.13921905772351637, 0.13883733697901895, 0.13895639431912724, 0.13994557143953756, 0.13888733927917674, 0.1389277499259972]}