{"seq_len": 1, "num_hidden": 1, "hidden_size": 256, "lr": 0.0001, "batch_size": 64, "grad_clip": 1, "nb_epoch": 25, "optimizer": "RMSprop", "crit": "MSE", "weight_decay": 1e-05, "bidirect": true, "dropout": 0.3, "logger_level": 20, "fragment": 1, "features": "jcd", "overlapping": true, "model": "FC", "train_losses": [0.09392885030223072, 0.0904712626529386, 0.08895733433415381, 0.08790006700961256, 0.08695320001268883, 0.08628846010236096, 0.08541821822269634, 0.08482927677747755, 0.08426742761796195, 0.0837077275029181, 0.08337507583892337, 0.0830179494408076, 0.08260963981626825, 0.08214966492325002, 0.0816819473420724, 0.08131048382545455, 0.08090627612442376, 0.0806642276550897, 0.08037757197341037, 0.0800785495143912, 0.07986464286423561, 0.07959446399220291, 0.07937605361541997, 0.0792652702438849, 0.07899681810336637], "test_losses": [0.14433699116021928, 0.1332533791009522, 0.13345397983642507, 0.13470733167222196, 0.1335177528218294, 0.13609874525494414, 0.1362399197596442, 0.1352173782899887, 0.13511450356150242, 0.1349284133131414, 0.13537179780883296, 0.13653975495583495, 0.13564335298585609, 0.1352616622007154, 0.13461470187717592, 0.1358141645818771, 0.1363737440666195, 0.1366954584185693, 0.13602044708863878, 0.13668412564111276, 0.13658638443671922, 0.13596015361324693, 0.1366769026513128, 0.1369351146827872, 0.13636612606273732]}