{"seq_len": 32, "num_hidden": 2, "hidden_size": 64, "lr": 0.001, "batch_size": 128, "grad_clip": 10.0, "nb_epoch": 50, "optimizer": "SGD", "crit": "MSE", "weight_decay": 0.0001, "dropout": 0.3, "logger_level": 20, "fragment": 0.3, "train_losses": [0.12196628674490367, 0.10600511261715961, 0.10062902360855036, 0.09846839735555889, 0.09746527323621003, 0.09661371743858758, 0.09599362965205208, 0.0956407064693657, 0.0952509365713776, 0.0948240763353343, 0.09453390314051853, 0.0942142058781643, 0.09393924212635461, 0.09382779473186138, 0.09363860041651893, 0.09340691671299575, 0.0933262647770757, 0.09297832135279574, 0.09284820400140992, 0.09268928948209514, 0.09261441728727303, 0.09243566321967235, 0.09229015551470032, 0.09211267646982442, 0.09200392509974427, 0.09200566939672633, 0.09187969853680338, 0.09167021292088619, 0.09179243003603202, 0.09158516394433065, 0.09157565149979376, 0.0913971306465978, 0.09136361067169275, 0.09120984210740382, 0.09116116607908029, 0.09117914848591215, 0.09104506136035201, 0.09099940188116763, 0.09089413884297089, 0.09068342646462234, 0.09062916182692926, 0.09065263396381733, 0.09051676255524457, 0.09046819536530193, 0.09042540548285048, 0.09027968773889782, 0.09046956282764224, 0.09017939539860241, 0.09011880083749042, 0.09007258192827954], "test_losses": [0.1659170647462209, 0.1464146390557289, 0.1410615355769793, 0.13918331642945608, 0.1391502736012141, 0.1389761483669281, 0.1388897376259168, 0.13883801956971487, 0.13844254831473032, 0.13815821319818497, 0.13802052239576976, 0.13768473466237385, 0.1374850704272588, 0.13734698007504145, 0.13704960763454438, 0.13704524159431458, 0.1368169708053271, 0.13653341203927993, 0.13621147722005844, 0.13637213538090387, 0.13638317167758943, 0.13615488429864248, 0.13612353404362995, 0.136082594593366, 0.1360659345984459, 0.1360609269142151, 0.1359761482477188, 0.13597715745369593, 0.13598850498596826, 0.1357432728012403, 0.13575497696797054, 0.13585931489864986, 0.1358243117729823, 0.13591975212097168, 0.13591885894536973, 0.13603339463472366, 0.13576476752758027, 0.13561216255029043, 0.13554547756910323, 0.13613391349713008, 0.1363915201028188, 0.1357657931248347, 0.13523307194312414, 0.13518780599037805, 0.13510133922100068, 0.1352374295393626, 0.13563677906990051, 0.13543218503395715, 0.1348306773106257, 0.13510230163733164]}