{"seq_len": 1, "num_hidden": 1, "hidden_size": 256, "lr": 0.0001, "batch_size": 64, "grad_clip": 1, "nb_epoch": 25, "optimizer": "RMSprop", "crit": "MSE", "weight_decay": 1e-05, "bidirect": true, "dropout": 0.3, "logger_level": 20, "fragment": 1, "features": "cl", "overlapping": true, "model": "FC", "train_losses": [0.10290584906814004, 0.09814986789014132, 0.09580601793565216, 0.09441811770875541, 0.09368668582896082, 0.09324558138703538, 0.09255563625934483, 0.09223080240604872, 0.09190422350177078, 0.09162809553749046, 0.09139782157135434, 0.09103085107288275, 0.09091893232578956, 0.09070901754682119, 0.09048632163424446, 0.09031257196243109, 0.09023903552567242, 0.08998654757604921, 0.08982109030917475, 0.0896380357527255, 0.08967007874181382, 0.08948276608728796, 0.08935910442314417, 0.08920028752356259, 0.08904954087495273], "test_losses": [0.1412892039739351, 0.13853895914542746, 0.13936425634395058, 0.1378835181800082, 0.137682487799325, 0.13723505983058784, 0.13698692499821039, 0.13712254134016055, 0.13798301794360693, 0.13765103658790853, 0.1378870424675657, 0.1382299297772511, 0.13839289586006054, 0.1365716100316754, 0.13657434117308193, 0.1382777466629419, 0.13741724576734407, 0.13738012521955412, 0.13749572916871036, 0.13701755620139255, 0.13800525851918025, 0.13756562322822527, 0.13817022972653212, 0.137653217163996, 0.13719662594392332]}