{"seq_len": 1, "num_hidden": 1, "hidden_size": 128, "lr": 0.0001, "batch_size": 64, "grad_clip": 1, "nb_epoch": 25, "optimizer": "RMSprop", "crit": "MSE", "weight_decay": 1e-05, "bidirect": true, "dropout": 0.3, "logger_level": 20, "fragment": 1, "features": "all", "overlapping": true, "model": "FC", "train_losses": [0.10280215846956794, 0.08332397784061492, 0.07935834329495098, 0.07650400248218574, 0.07386591914369163, 0.07156386745799093, 0.06928071066593362, 0.06727385390397789, 0.06580806551770803, 0.06469674737821178, 0.0639518465191325, 0.06318338443791327, 0.06247592271314609, 0.06182738108962841, 0.06126165466898888, 0.06089885286439235, 0.06047161255631964, 0.06010107250791527, 0.05975662330725544, 0.059419955978060796, 0.05917682127823808, 0.058840631575786194, 0.058684846100071755, 0.05852090234093164, 0.05817443037401462], "test_losses": [0.13495561744180873, 0.142870561769658, 0.14006877641673116, 0.13765497673043675, 0.1385241199440321, 0.1351180979704288, 0.13676020243829098, 0.1320150796598042, 0.1330937777107089, 0.13222643891516073, 0.1342146837154392, 0.13236657675229768, 0.13517976894411843, 0.1301935386082998, 0.13569722254992006, 0.13217303821924428, 0.1305110980988023, 0.13301055096312026, 0.13277624762259704, 0.13159095119707154, 0.13136020065775922, 0.13064048233373501, 0.13251375340325222, 0.13089591547639423, 0.13229642832137006]}