{"seq_len": 32, "num_hidden": 2, "hidden_size": 64, "lr": 0.001, "batch_size": 128, "grad_clip": 1.0, "nb_epoch": 50, "optimizer": "SGD", "crit": "MSE", "weight_decay": 0.01, "dropout": 0.3, "logger_level": 20, "fragment": 0.3, "train_losses": [0.09568297376285247, 0.09478502832914716, 0.09437913619842961, 0.0941991192761378, 0.09399725878658007, 0.09368032100961436, 0.09363352073047629, 0.0934301225009875, 0.09324655183895149, 0.09299814555063919, 0.09300577191252206, 0.09284363061788693, 0.09260994525411022, 0.0926310398695457, 0.09247910055383365, 0.09240752638284884, 0.09221732301927692, 0.09227718712396957, 0.09207587887593849, 0.09203688527022175, 0.0919998158611844, 0.0918958459667225, 0.09171795504326796, 0.09170636605827054, 0.09169502133250836, 0.09162082249794773, 0.09154786847194835, 0.09146040464615703, 0.09134207755776506, 0.09132536343443932, 0.09124487608521428, 0.09119632113818547, 0.09114759254395663, 0.09105369119188893, 0.09104489928214395, 0.09105845522041896, 0.09092675965635022, 0.09091002935889977, 0.09077625811549288, 0.09076049407223362, 0.09076786771341784, 0.09063282975898915, 0.09071241959405305, 0.09068368281701103, 0.09063147880773448, 0.09068537743097574, 0.09042467143218122, 0.09040821463468686, 0.09030528396517787, 0.09033039515491706], "test_losses": [0.13401229669650397, 0.13462802211443584, 0.1353373690446218, 0.13582740167776744, 0.13612688134113948, 0.13635755568742752, 0.13636483083168666, 0.13633719583352408, 0.1363531615336736, 0.13631857434908548, 0.1363444537917773, 0.136331201394399, 0.13618530382712682, 0.13620213001966477, 0.13611031124989192, 0.136123628616333, 0.13610551675160726, 0.13601367404063544, 0.1359589570760727, 0.13594030956427255, 0.13597605496644974, 0.1358423232038816, 0.1358207513888677, 0.13582296321789425, 0.1358361612757047, 0.13569126764933268, 0.13571121861537297, 0.13567637254794437, 0.13566285183032353, 0.13558506230513254, 0.13559610913197198, 0.13551646600166956, 0.1355665530761083, 0.13549814462661744, 0.13550053884585697, 0.1354186689853668, 0.1355010891954104, 0.13549898336331048, 0.13546109010775884, 0.1354425577322642, 0.13541476806004843, 0.13541403988997142, 0.13541291097799937, 0.13539458831151327, 0.1353902766108513, 0.13532814731200535, 0.1353597362836202, 0.1353532427549362, 0.13529951135317483, 0.1352941965063413]}