{"seq_len": 32, "num_hidden": 2, "hidden_size": 1024, "lr": 0.001, "batch_size": 128, "grad_clip": 1.0, "nb_epoch": 50, "optimizer": "SGD", "crit": "MSE", "weight_decay": 0.0001, "dropout": 0.5, "logger_level": 20, "fragment": 0.3, "train_losses": [0.09960892291075021, 0.09300325301723864, 0.09073573253562103, 0.0894894945112305, 0.08844247598893679, 0.08768991238657553, 0.08695252831257767, 0.08623539450480111, 0.08553081537461162, 0.08498688742293785, 0.08433135426673458, 0.08394477269308052, 0.08344698528848102, 0.08292786739579397, 0.08257065473788947, 0.08204819318187896, 0.08152309872546987, 0.08135125988242614, 0.08083339381831975, 0.08055605743099098, 0.0801459962885883, 0.07991286696650875, 0.07947129539059634, 0.07930045642295674, 0.07901856683232078, 0.07865712918977641, 0.07818371317719096, 0.07794681863494254, 0.07766071426209493, 0.07761117778531271, 0.0773495577987115, 0.07714232532822307, 0.07692069037999939, 0.07658060162735345, 0.07636078945056878, 0.07615475832068141, 0.076029281782445, 0.07580098771869238, 0.07556710152620047, 0.07533238281556709, 0.07512966013658585, 0.07511830221318719, 0.07476585785198452, 0.074760117329395, 0.07456448011512133, 0.07450121777815435, 0.07427344458112166, 0.0739595697977435, 0.07384858005235542, 0.07364331773627343], "test_losses": [0.14384439537922541, 0.13576166808605195, 0.13532879302899042, 0.1353799749414126, 0.1350383495291074, 0.13434490074714026, 0.1342294735709826, 0.13288801113764445, 0.13439061125119528, 0.13416233430306115, 0.13184708446264268, 0.13326091130574544, 0.13373077660799026, 0.13356812934080758, 0.13274061302344003, 0.13406491259733835, 0.13171696464220684, 0.1334630184372266, 0.13211826344331107, 0.133098193804423, 0.13226782778898874, 0.13322137008110682, 0.13330616146326066, 0.13223962734142938, 0.13270789206027986, 0.13249266982078553, 0.1355288115143776, 0.1299597688515981, 0.1314165375630061, 0.13166156470775603, 0.13016111423571905, 0.13235131313403448, 0.1320151197910309, 0.13346569250027338, 0.13334845274686813, 0.13157319645086923, 0.13363725463549295, 0.13130248139301937, 0.13382110834121705, 0.13322916875282922, 0.13179848988850912, 0.13420662780602774, 0.13153410146633784, 0.13530520925919215, 0.134214476843675, 0.133046864370505, 0.1348177860180537, 0.13496323217948278, 0.13315474967161814, 0.1334532665212949]}