{"seq_len": 64, "num_hidden": 2, "hidden_size": 128, "lr": 0.0001, "batch_size": 64, "grad_clip": 1, "nb_epoch": 25, "optimizer": "RMSprop", "crit": "MSE", "weight_decay": 1e-05, "bidirect": true, "dropout": 0.3, "logger_level": 20, "fragment": 1, "features": "all", "overlapping": true, "model-with-CNN": false, "train_losses": [0.009154539463291079, 0.003226713623775482, 0.0024801258808353453, 0.0021012694876603724, 0.00192914148796212, 0.0018074696079773314, 0.0017279071808873011, 0.001665133247004882, 0.0016066425519231965, 0.0015610273971756166, 0.0015224577759131387, 0.0015428748336234611, 0.001464581865078636, 0.0014421632232231292, 0.0014320177539378744, 0.0014118047679368354, 0.0013953327724727327, 0.001385521956878027, 0.001369421534636309, 0.0013621338982244837, 0.0013554326729193899, 0.0013421680122195601, 0.0013372131326190627, 0.001344511838307323, 0.0013187302059267227], "test_losses": [0.14075257592737797, 0.1338901333283261, 0.13017991614620944, 0.13053347631651613, 0.12853831603607188, 0.1318969948259002, 0.13130926638234658, 0.13272509326335127, 0.13059214233987929, 0.1304329821874071, 0.12772094916605414, 0.13471764373135905, 0.1294581691474633, 0.12931491219099087, 0.12764462972792007, 0.13165483309635076, 0.12820600076386982, 0.12890633439944862, 0.12837659780034708, 0.13344174429258357, 0.13396867062676462, 0.13136188878607605, 0.13049688536195794, 0.13347391130178862, 0.1333871596244348]}