{"seq_len": 32, "num_hidden": 2, "hidden_size": 64, "lr": 0.001, "batch_size": 128, "grad_clip": 10.0, "nb_epoch": 50, "optimizer": "SGD", "crit": "MSE", "weight_decay": 0.01, "dropout": 0.1, "logger_level": 20, "fragment": 0.3, "train_losses": [0.11150050020996649, 0.09958981711361277, 0.0964488246707461, 0.09512095239443995, 0.09444361853988925, 0.0938659712821994, 0.09351039142464873, 0.09313292048834076, 0.09288460124826911, 0.09266250333444558, 0.09259184682039759, 0.09239087965170942, 0.09222905386482651, 0.09215905292699085, 0.09202667928520758, 0.09191152794127488, 0.09184291239958911, 0.0917383501278096, 0.09160344884847876, 0.09166326186615019, 0.09141788646653669, 0.09147434224884714, 0.09139686538346449, 0.09132342976541376, 0.0913183586905949, 0.09119132808854233, 0.0911825924512729, 0.09104313210925864, 0.09101865066206036, 0.09095553537109989, 0.09093641594576476, 0.09089606536093668, 0.0907801861065117, 0.0908437485071882, 0.09079799310645865, 0.09081863859041252, 0.0907774718113281, 0.09056375205666575, 0.09063403946745335, 0.09055630488311825, 0.09043420319581151, 0.09041976015172412, 0.09037930522132759, 0.09041792397672807, 0.09036031421554748, 0.09036566201017131, 0.09034718325988732, 0.09031265584667723, 0.09019226846682965, 0.09021072684969735], "test_losses": [0.14412543177604675, 0.13765171746412913, 0.13904707888762155, 0.14038003822167713, 0.14093646297852197, 0.14112446387608846, 0.14131636252005894, 0.14143026212851206, 0.14126502444346745, 0.14097636451323828, 0.140989292661349, 0.14069077710310618, 0.1404458737373352, 0.14009747008482615, 0.14051392257213594, 0.14016384144624075, 0.13999152143796284, 0.13999876588582993, 0.14021141370137533, 0.14005160361528396, 0.13970544934272766, 0.13940241595109304, 0.1393935935695966, 0.139290296236674, 0.13948211193084717, 0.13929903080066044, 0.13927035063505172, 0.1391866534948349, 0.13887985408306122, 0.13897903541723888, 0.13889193733533223, 0.13890267709891002, 0.13872642576694488, 0.13874342560768127, 0.13871514787276587, 0.13873652746280035, 0.13870827794075014, 0.1384835127989451, 0.13834573805332184, 0.13839073369900384, 0.13820243964592616, 0.13819600115219752, 0.13809656143188476, 0.13817120244105657, 0.13813666641712188, 0.1380106693506241, 0.13802156547705333, 0.13795925170183182, 0.13813171287377676, 0.1378461566567421]}