{"seq_len": 128, "num_hidden": 3, "hidden_size": 1024, "lr": 0.001, "batch_size": 8, "grad_clip": 1, "nb_epoch": 20, "optimizer": "SGD", "crit": "MSE", "weight_decay": 0.01, "dropout": 0.3, "logger_level": 20, "fragment": 0.02, "train_losses": [0.09883846409618854, 0.09272897762246429, 0.09136406272649765, 0.09017977688461543, 0.08959052701480687, 0.08864250333979726, 0.08816153071820736, 0.0875871246587485, 0.08722996849566698, 0.08664971886202694, 0.08631048295646906, 0.08604287132620811, 0.0855420059710741, 0.08541930424049497, 0.08507414447143674, 0.0850145891495049, 0.0845351875294, 0.0842195869795978, 0.08398535734042525, 0.08388749796897173], "test_losses": [0.1387513012855084, 0.13926198178684557, 0.14030824262987485, 0.1409058418947381, 0.14031455975461316, 0.1406306517008063, 0.139655181726852, 0.1393442770296877, 0.13883839528281966, 0.1397709236903624, 0.13964217349693372, 0.13827046171411292, 0.1383775905161709, 0.13819338381290436, 0.1377931884550429, 0.13789977084893684, 0.13815955711262567, 0.1378715957527037, 0.13930932538849966, 0.1382266871340863]}