{"seq_len": 1, "num_hidden": 1, "hidden_size": 256, "lr": 0.0001, "batch_size": 64, "grad_clip": 1, "nb_epoch": 25, "optimizer": "RMSprop", "crit": "MSE", "weight_decay": 1e-05, "bidirect": true, "dropout": 0.3, "logger_level": 20, "fragment": 1, "features": "sc", "overlapping": true, "model": "FC", "train_losses": [0.09371771580735311, 0.09055295511637694, 0.08919633422171352, 0.08858295549163574, 0.08811824562466401, 0.0878398843529982, 0.08745334023898765, 0.08727607551102029, 0.08701353727023338, 0.08675133456001037, 0.08658282008262679, 0.08643414899872778, 0.0861355732150138, 0.08605139421294951, 0.08592229301929917, 0.08577458934378607, 0.08565232380063072, 0.08546829354723207, 0.08544934612340013, 0.08521840621253342, 0.0851136216480332, 0.08505850166093444, 0.08490458730976053, 0.08482520633778841, 0.08468793413609421], "test_losses": [0.13827362158900464, 0.13250833908262594, 0.13264202944208567, 0.13297586205228423, 0.13365531875705625, 0.13256899202261008, 0.13335773456937988, 0.13318257943299372, 0.1340557750662563, 0.13445217842254675, 0.1339955444097756, 0.13429459602114693, 0.1338306432571373, 0.1334934375039626, 0.13284821872031002, 0.13477353027338537, 0.13327813349945644, 0.13321062981726872, 0.13327971008971007, 0.13266247177633567, 0.13313642437486478, 0.1331551753828824, 0.1329096615847726, 0.13302519065781568, 0.1324672231202571]}