{"seq_len": 128, "num_hidden": 3, "hidden_size": 256, "lr": 0.001, "batch_size": 8, "grad_clip": 1, "nb_epoch": 20, "optimizer": "RMSprop", "crit": "MSE", "weight_decay": 0.01, "dropout": 0.3, "logger_level": 20, "fragment": 0.02, "train_losses": [0.09692859422415495, 0.0937619947642088, 0.09385104231536388, 0.09345087293535471, 0.09348490187898278, 0.09330202555283904, 0.09335053749382496, 0.09377712320536374, 0.09358225530013442, 0.09338035970926285, 0.0932470165938139, 0.093436412923038, 0.09327111134305596, 0.09337935138493776, 0.09334184553474188, 0.09337796345353126, 0.09332014054059982, 0.09331927694380283, 0.09329918285831809, 0.09325744284316898], "test_losses": [0.14084155083476724, 0.13745379118950335, 0.14034154943444513, 0.1456535563066408, 0.14096305509666343, 0.14033615453676743, 0.14103567058389838, 0.14287109760107933, 0.14433867213400928, 0.1413127122954889, 0.14249677849667414, 0.14242449422161302, 0.1435525178328737, 0.14378300289829055, 0.14314266120071534, 0.1423083875666965, 0.1427057341902287, 0.14289685880595987, 0.1429588386377731, 0.14335004849867386]}