{"seq_len": 1, "num_hidden": 1, "hidden_size": 256, "lr": 0.0001, "batch_size": 64, "grad_clip": 1, "nb_epoch": 25, "optimizer": "RMSprop", "crit": "MSE", "weight_decay": 1e-05, "bidirect": true, "dropout": 0.3, "logger_level": 20, "fragment": 1, "features": "acc", "overlapping": true, "model": "FC", "train_losses": [0.09001474412684982, 0.08470469251075938, 0.08225677589144013, 0.08061740622643461, 0.07948677543807932, 0.07869131099252942, 0.07811644494135289, 0.077538023912296, 0.07703444204599484, 0.07675920779462116, 0.07637056109855683, 0.07601500034011463, 0.07577425797913105, 0.07568354076624978, 0.07524081701779242, 0.07503376145582334, 0.07491660839929878, 0.07471694740029114, 0.07447773404834265, 0.07431130008889554, 0.07417491112947021, 0.07398466170719135, 0.07386357914697884, 0.07376497685798647, 0.07357011523592799], "test_losses": [0.1721682152738628, 0.1382908517305941, 0.1413578963421922, 0.1389229366811322, 0.1363412661414971, 0.13628309914771888, 0.13515424356605138, 0.1347078233512922, 0.1357513594017114, 0.13419884259610718, 0.1359668534182412, 0.13484446579964451, 0.13634134470586987, 0.13486656305152428, 0.1338364455115724, 0.13568682253183, 0.13532325997208033, 0.13682955795265808, 0.1359049720360081, 0.13572269842532236, 0.1366134060187558, 0.13442982965802577, 0.134972624154854, 0.13589885827916753, 0.13466283796025555]}