{"seq_len": 64, "num_hidden": 2, "hidden_size": 32, "lr": 0.001, "batch_size": 16, "grad_clip": 1, "nb_epoch": 50, "optimizer": "RMSprop", "crit": "MSE", "weight_decay": 0.1, "bidirect": true, "dropout": 0.4, "logger_level": 20, "fragment": 0.1, "features": "lbp", "overlapping": false, "train_losses": [0.09375290652317118, 0.09264960299337531, 0.09265419483357082, 0.09260449097680219, 0.0926697540791393, 0.09262820265053096, 0.09267104582175584, 0.09265391827921647, 0.09264281595229873, 0.09266127583522328, 0.0926359649065717, 0.09267813032618608, 0.09262174169078957, 0.09267085704500276, 0.0926239832245201, 0.09264916286360551, 0.0926373610865174, 0.0926517651978026, 0.09262116966133861, 0.09266848970556305, 0.0926842406492587, 0.09264305917284163, 0.09265052095084292, 0.09264296873944573, 0.09264445014168761, 0.09264381099241088, 0.09267920031712923, 0.09263995368040825, 0.09265877059544213, 0.09265289836794655, 0.09262589338685966, 0.09266124878200722, 0.09265806784347302, 0.09264132959018094, 0.09263399032326793, 0.09265894316467017, 0.09266420677017155, 0.09265694175066286, 0.09261361362416161, 0.09264898114983057, 0.0926370059349978, 0.09265186578064066, 0.09267759448014243, 0.09263873094538504, 0.0926588933864655, 0.09259148891692216, 0.09268470885867329, 0.09264842712236047, 0.09265307453326407, 0.09260748503352866], "test_losses": [0.156669897173867, 0.14013650555749835, 0.13956612117853262, 0.1405416707399533, 0.13965545133285717, 0.1412795793057093, 0.13959588367624332, 0.14050833729620513, 0.14066262917621486, 0.14063984514946865, 0.14047342822485165, 0.14005571236919026, 0.14193732858763128, 0.14024153230759093, 0.14122156280702747, 0.1399598896579089, 0.1398245737259158, 0.14018482559828588, 0.14123456747398763, 0.14000599952367357, 0.14010394988628813, 0.14084265131484433, 0.14054383942621007, 0.1402086609133004, 0.14064699490814644, 0.14019762788932336, 0.1402672260318916, 0.14100969457989418, 0.14058674263016221, 0.14097320606109454, 0.14092872651095317, 0.13982526545748492, 0.1409883350512098, 0.14069315639849242, 0.14109994066396947, 0.1400554544353848, 0.14025541879047598, 0.14157397213018486, 0.14080631301790325, 0.13983729576247597, 0.14045916100595204, 0.14044948228573437, 0.1406861248657788, 0.14200024961063704, 0.14113246880206964, 0.1412686615955406, 0.1405437667735942, 0.14159941820777613, 0.14082838689463997, 0.14085859854511804]}