{"seq_len": 32, "num_hidden": 2, "hidden_size": 64, "lr": 0.001, "batch_size": 128, "grad_clip": 100.0, "nb_epoch": 50, "optimizer": "SGD", "crit": "MSE", "weight_decay": 0.01, "dropout": 0.1, "logger_level": 20, "fragment": 0.3, "train_losses": [0.101771928033038, 0.09719689366356213, 0.09579517958152234, 0.09523375478371902, 0.09467632795248798, 0.09438563329191064, 0.09411413885241178, 0.09389810829456129, 0.09373227360859589, 0.09335248838717015, 0.09331065992913654, 0.09312394560880996, 0.09297720934428162, 0.092812300252555, 0.09266073226778951, 0.0925996318534391, 0.09251179613509969, 0.09235886005151211, 0.09241323918104172, 0.0921708227102481, 0.09213824072225608, 0.09197591544695236, 0.09196494579614706, 0.09180198639781031, 0.09185232899746104, 0.09171711870623593, 0.09165481316983401, 0.09158413741157283, 0.09157330838579629, 0.09144181361300262, 0.09146243704473553, 0.09135201344987255, 0.09135829979301098, 0.09124628761455642, 0.09125789378456135, 0.09121017738353068, 0.09110440456088464, 0.0910700517683173, 0.09110375879397943, 0.09104378835939282, 0.09093141072808798, 0.09090462173499055, 0.09101901551586898, 0.09085885903344082, 0.0909292408120093, 0.09077019581393381, 0.09068572461305552, 0.0907425635948253, 0.09074111350217656, 0.09060426475714199], "test_losses": [0.13601328283548356, 0.13626403073469798, 0.137521433532238, 0.13853636811176936, 0.13904422253370285, 0.13923309365908304, 0.13927645494540533, 0.139306687215964, 0.13895220746596654, 0.138729883035024, 0.13877751876910527, 0.13878741910060247, 0.1384989219903946, 0.13842497259378433, 0.13831235220034918, 0.13834388941526413, 0.1382583067814509, 0.13856010556221007, 0.1383202428619067, 0.1381235244870186, 0.13789506236712137, 0.13787345747152965, 0.13775128364562989, 0.13771616796652475, 0.13780540277560552, 0.1377133920788765, 0.13765051891406377, 0.13759582926829655, 0.13757522016763687, 0.13750047703584034, 0.13737464060386023, 0.13743493288755418, 0.1373612101872762, 0.13742859045664468, 0.13730878313382466, 0.1373652876416842, 0.13736848831176757, 0.13727038025856017, 0.1371811455488205, 0.13709745387236277, 0.13712180187304815, 0.13708259930213293, 0.13713148047526677, 0.13692814161380132, 0.13702981015046437, 0.13728149582942326, 0.1369862618048986, 0.13683058907588322, 0.1371413180232048, 0.136962149143219]}