{"seq_len": 32, "num_hidden": 2, "hidden_size": 1024, "lr": 0.001, "batch_size": 128, "grad_clip": 1.0, "nb_epoch": 50, "optimizer": "SGD", "crit": "MSE", "weight_decay": 0.01, "dropout": 0.1, "logger_level": 20, "fragment": 0.3, "train_losses": [0.09516268463140756, 0.09048117873207409, 0.08882280289377999, 0.08755832674665068, 0.08649578128927317, 0.08561510304410254, 0.084860633366072, 0.08411946705537825, 0.08340457459939785, 0.08271326143388173, 0.08218446396403577, 0.08162826921173076, 0.08106528757954362, 0.08052415651592178, 0.0799738514662987, 0.07944193553535184, 0.0789637971837916, 0.07864324624963741, 0.07810701963365377, 0.07778891374417884, 0.07734568347808105, 0.07708224788982065, 0.07672780433941127, 0.07650562192327413, 0.07627410460357091, 0.07592274338456255, 0.07575153593142428, 0.07536663697218177, 0.07506716717502579, 0.07497146897879078, 0.07454893786703522, 0.07446179441620956, 0.07420498040977434, 0.0738638317090782, 0.07359013796301943, 0.07335012720607632, 0.07324986229065675, 0.07301501751919488, 0.07273851172184226, 0.07257255245393245, 0.07244628066917759, 0.07222527291756778, 0.07205878849604622, 0.07177127499002309, 0.0715506438858545, 0.07148115048606192, 0.07124613334036353, 0.0710271914775048, 0.07088101235915668, 0.07082567373337458], "test_losses": [0.14975627700487773, 0.13668354193369547, 0.13624303976694743, 0.1369268466035525, 0.1361100986599922, 0.13437023440996806, 0.13381531238555908, 0.13544682949781417, 0.13484658579031628, 0.1351671161254247, 0.13411946674187977, 0.13452072034279505, 0.1347513524691264, 0.13366352836290996, 0.13423010011514028, 0.13226858327786128, 0.13394806732734044, 0.13464412212371826, 0.13474668671687445, 0.1349006230632464, 0.1331759528319041, 0.13465762148300806, 0.13440932850042978, 0.13446333398421606, 0.1336809422572454, 0.13547849595546724, 0.1331330903371175, 0.1344658304254214, 0.13566344380378723, 0.13404012948274613, 0.13532199194033942, 0.13413078039884568, 0.13617986152569453, 0.13451292057832082, 0.13709452629089355, 0.13624375343322753, 0.1330010183652242, 0.13659400930007298, 0.13377154300610225, 0.1342455436786016, 0.1346561900774638, 0.136388750175635, 0.13452893912792205, 0.1347439287106196, 0.13506422489881514, 0.13506634215513866, 0.1335375835498174, 0.13571554005146028, 0.13428341050942738, 0.1374429417649905]}