{"seq_len": 32, "num_hidden": 2, "hidden_size": 256, "lr": 0.001, "batch_size": 128, "grad_clip": 100.0, "nb_epoch": 50, "optimizer": "SGD", "crit": "MSE", "weight_decay": 0.0001, "dropout": 0.5, "logger_level": 20, "fragment": 0.3, "train_losses": [0.09924465054692934, 0.09661521302096208, 0.09550309439550093, 0.09474218236142068, 0.09408882469987151, 0.09361161714672443, 0.09322799405260901, 0.0928217882112642, 0.09252599151290242, 0.09219730158696822, 0.09205164292349888, 0.09182649442748209, 0.09137292498320192, 0.09130412441252464, 0.09104221486416295, 0.09082504552812433, 0.09069955199208092, 0.09046847455615374, 0.0903524760549991, 0.09004611125094207, 0.08993400633335114, 0.08981345095975914, 0.08951407319037759, 0.08945424330593953, 0.0894632938144794, 0.08904024846290225, 0.08896838469271684, 0.0887980091961185, 0.08857120977873778, 0.08841384292098146, 0.08824057483942664, 0.08812122091875603, 0.08790806115572176, 0.08786963420597153, 0.08761440404695482, 0.08756984781530035, 0.0872657072903523, 0.08706295636281296, 0.08696685194145495, 0.08675740078915303, 0.08663125010441296, 0.08660561827259447, 0.08637059461231807, 0.08624965907191512, 0.08615447659438578, 0.08590418736838815, 0.08591202178492618, 0.08571122657863339, 0.08549135548984585, 0.08532527778016862], "test_losses": [0.14046010752518973, 0.1370544104774793, 0.1368461733063062, 0.13689111878474552, 0.13648347119490306, 0.1363807581861814, 0.13636365046103796, 0.136339384218057, 0.1360283786058426, 0.13596099187930424, 0.13558446715275446, 0.13582688103119533, 0.13571840047836303, 0.13613640507062277, 0.1355869777003924, 0.13530437558889388, 0.1353915907939275, 0.1352861147125562, 0.13514721115430195, 0.13513502130905788, 0.13496746043364208, 0.13454268326361973, 0.13460782835880916, 0.1345917683839798, 0.13421733250220616, 0.13491885552803676, 0.133743530412515, 0.13441346605618795, 0.1341680720448494, 0.1340683529774348, 0.13469406127929687, 0.1339414730668068, 0.13407133122285206, 0.13349491933981578, 0.13355497777462005, 0.13284149785836538, 0.1336158409714699, 0.13318884770075481, 0.13341450224320095, 0.13299830456574757, 0.13343592911958693, 0.13260345151027045, 0.13373899271090825, 0.13343589286009472, 0.13232674141724904, 0.13304186016321182, 0.1333259893457095, 0.13300985236962637, 0.13149033447106678, 0.13193325678507486]}