{"seq_len": 32, "num_hidden": 2, "hidden_size": 1024, "lr": 0.001, "batch_size": 128, "grad_clip": 1.0, "nb_epoch": 50, "optimizer": "SGD", "crit": "MSE", "weight_decay": 0.01, "dropout": 0.3, "logger_level": 20, "fragment": 0.3, "train_losses": [0.0957523063948406, 0.09003407609223121, 0.08825756875264584, 0.08706945255773152, 0.08623351939209742, 0.08542738761284843, 0.08478362974359761, 0.08426750597342773, 0.08363436828905614, 0.083123653415759, 0.08268770129986144, 0.08225113608354899, 0.08184794950575086, 0.08135626867563281, 0.08085789782318038, 0.08060430012755658, 0.08010524451433115, 0.0797842290233727, 0.07945017222708194, 0.07901382712113797, 0.0787056950505954, 0.07823923488507918, 0.07806006822753792, 0.0777842809057715, 0.07745469397111754, 0.07705157514118668, 0.07676344565186069, 0.07646808859391428, 0.07616365588639849, 0.07586543853558488, 0.07567379387778853, 0.07541407026986979, 0.07512389245120125, 0.07479963784840837, 0.07466246200790956, 0.07447490041804074, 0.07417638109407233, 0.0739430933067547, 0.07384886557058473, 0.07362938050798436, 0.07336109457303532, 0.0734380041459697, 0.0731198975076927, 0.07284865423512818, 0.07283789288233872, 0.07264551765580274, 0.07252675070235477, 0.0723321914448211, 0.07197630927715469, 0.07196714247965333], "test_losses": [0.13999577800432841, 0.13768921295801798, 0.13684194246927897, 0.13443582276503244, 0.1363693136970202, 0.13573978006839751, 0.13533484836419424, 0.13409454663594564, 0.13498969634373983, 0.13521613369385402, 0.13351330280303955, 0.13344889958699543, 0.1351549482345581, 0.13309660563866296, 0.13332211563984553, 0.13371010720729828, 0.1338829486568769, 0.13318230281273524, 0.1344808570543925, 0.13525872190793356, 0.1341437671581904, 0.13441583236058552, 0.13565160324176154, 0.13338873942693075, 0.13313162902990977, 0.13431995888551077, 0.1333144607146581, 0.13441976487636567, 0.13721358209848403, 0.1331658963362376, 0.1343031096458435, 0.1353542990485827, 0.1355460700392723, 0.13485233545303343, 0.13411937952041625, 0.13480600516001384, 0.13524826526641845, 0.1370977156360944, 0.1371942714850108, 0.13639168192942938, 0.1349795104066531, 0.13530291040738424, 0.1382892268896103, 0.1353524195154508, 0.13629668553670246, 0.1341656491160393, 0.13627686431010563, 0.13458981186151506, 0.13630844821532567, 0.13528579781452815]}