{"seq_len": 64, "num_hidden": 2, "hidden_size": 32, "lr": 0.001, "batch_size": 16, "grad_clip": 1, "nb_epoch": 50, "optimizer": "RMSprop", "crit": "MSE", "weight_decay": 0.1, "bidirect": true, "dropout": 0.4, "logger_level": 20, "fragment": 0.1, "features": "all", "overlapping": false, "train_losses": [0.0935130822463302, 0.09301785791655266, 0.09307108202191906, 0.09303585766511387, 0.09307612604344971, 0.09303591756404939, 0.09306213267592565, 0.09305950906307137, 0.09306422093441721, 0.0930376844713913, 0.09303425624966621, 0.09303148008294418, 0.09305774861935935, 0.09304183957692745, 0.09304213933000675, 0.0929549966215628, 0.09307338655540479, 0.09303014507240873, 0.0930073601992259, 0.09304660517069187, 0.0930227425258054, 0.09302702128370373, 0.09301696612942885, 0.09307402186454605, 0.09304655876606416, 0.09303934706701594, 0.09303077580209872, 0.09302258566165476, 0.09303864454114828, 0.09305928885104109, 0.09304594885206177, 0.09305676235772511, 0.09303703950807768, 0.09304046495916296, 0.0930559038254567, 0.09304216964913241, 0.09304583057588925, 0.09305961008016773, 0.09305010566591987, 0.09305816740228262, 0.0930686446771686, 0.09302227692194068, 0.0930340980360848, 0.09305691545351852, 0.09305270463371783, 0.09304913457102629, 0.09300263687566296, 0.09308600443664773, 0.09303468751482422, 0.0930625811319705], "test_losses": [0.1372066858002377, 0.13830690108580032, 0.13681405858339998, 0.136959274067794, 0.13612370106018135, 0.13716070785135182, 0.1367598404814749, 0.13706492197695117, 0.13676642282360096, 0.13842645601421444, 0.1370900029760932, 0.13755637694736422, 0.13677545368368857, 0.13735211050601176, 0.1373578469614087, 0.13703488184110768, 0.13592737410122974, 0.13741384181879499, 0.13773821127898803, 0.1362933570963477, 0.13784257182615056, 0.13740246005469772, 0.13801440135173992, 0.13755530395029766, 0.13756495509958508, 0.13779868843591758, 0.1375308888893442, 0.13773514387117425, 0.13652033997973814, 0.13631803965961872, 0.13805320121461365, 0.13672878044813416, 0.1368330199706373, 0.13720789332377728, 0.13674094051425226, 0.1372859165601924, 0.13680234982580097, 0.13651419181357785, 0.1372158038737205, 0.1370224704975404, 0.13701505838009306, 0.13746623112465525, 0.13686092213023132, 0.1355705392088382, 0.13649503066001203, 0.13692415482955536, 0.1369251778283095, 0.13604557805406262, 0.13779755231692706, 0.1365058191763568]}