{"seq_len": 128, "num_hidden": 3, "hidden_size": 256, "lr": 0.001, "batch_size": 8, "grad_clip": 1, "nb_epoch": 20, "optimizer": "SGD", "crit": "MSE", "weight_decay": 0.01, "dropout": 0.3, "logger_level": 20, "fragment": 0.02, "train_losses": [0.09704577051103115, 0.09467828249558806, 0.09365398550406098, 0.09316240683197975, 0.0926669710315764, 0.09258318942040206, 0.09226674431934953, 0.09213349444791674, 0.09174748964607715, 0.09157381642609835, 0.09139177525416016, 0.09121142436750233, 0.09129160761833191, 0.09094132676720619, 0.09114381628111005, 0.09062138443812728, 0.09028519915416837, 0.09023169747553766, 0.08997303899377584, 0.09005392140708864], "test_losses": [0.1299742530886229, 0.1297526199902807, 0.12996034053238956, 0.13023172976908745, 0.13056660820911456, 0.1307495093190825, 0.13093969883856835, 0.13111665699776118, 0.13109516749134312, 0.13086732012497915, 0.13084377928987725, 0.130560915288213, 0.13040859319946982, 0.1302925335702958, 0.1298219957328462, 0.1300948400582586, 0.1299387105293088, 0.12963117630063714, 0.12951509760958807, 0.12949010187929327]}