{"seq_len": 32, "num_hidden": 2, "hidden_size": 1024, "lr": 0.001, "batch_size": 128, "grad_clip": 100.0, "nb_epoch": 50, "optimizer": "SGD", "crit": "MSE", "weight_decay": 0.0001, "dropout": 0.5, "logger_level": 20, "fragment": 0.3, "train_losses": [0.09541288598548228, 0.09156591729752382, 0.0897359008802541, 0.08884989732324179, 0.08800711838444274, 0.08731083646791066, 0.08655764772814123, 0.08598558196620126, 0.0853818183643135, 0.08477356928826577, 0.08428484635736475, 0.08383589275368494, 0.08325886097385655, 0.08261637891357268, 0.08224897764286204, 0.08189113419409373, 0.08141677092816961, 0.08111327283795755, 0.08058496759315233, 0.0801488513024009, 0.07983561054845552, 0.07938974485475214, 0.07914068018221974, 0.07860389261988539, 0.07837426029707319, 0.07799632281963549, 0.07785998133184323, 0.07744485553559946, 0.07715314181156493, 0.0768878348171711, 0.07668161968789508, 0.07646946859868926, 0.07605275273996981, 0.07554583481732924, 0.075304225873408, 0.07523982606865653, 0.07500580638347559, 0.07444585309406022, 0.07432050022048567, 0.074053575982101, 0.07388853034631691, 0.07361005422607739, 0.07334143795709513, 0.07325756967292359, 0.07300036177787948, 0.07301410920356387, 0.07261984501427142, 0.07259240467569336, 0.07248108148874349, 0.07198442705911608], "test_losses": [0.13548851589361827, 0.13598874191443125, 0.1364672934015592, 0.13439647674560548, 0.13629945437113444, 0.13568898419539133, 0.1353506881992022, 0.13550672243038814, 0.1347919421394666, 0.13423513293266295, 0.13362781594196954, 0.1331374474366506, 0.13498526295026145, 0.13593991498152416, 0.1340743637084961, 0.13449457675218582, 0.13311329632997512, 0.13631881962219874, 0.1337381022175153, 0.13410196473201116, 0.13238367726405462, 0.13469199518362682, 0.13368970880905787, 0.13549784769614537, 0.13593557278315227, 0.13420146604379019, 0.1350663067897161, 0.13214330087105433, 0.13349141061306, 0.13216310332218806, 0.1314966983596484, 0.1356358775496483, 0.13183601359526317, 0.13447828352451324, 0.13530864139397938, 0.13286484241485597, 0.13518455366293589, 0.13737327168385188, 0.13522321144739788, 0.1353266367316246, 0.13657305111487705, 0.13667967518170673, 0.13343439678351085, 0.14039954086144765, 0.1362772825360298, 0.13343502501646679, 0.13873651365439096, 0.1427962937951088, 0.148171044588089, 0.13479527393976848]}