{"seq_len": 32, "num_hidden": 2, "hidden_size": 1024, "lr": 0.001, "batch_size": 128, "grad_clip": 10.0, "nb_epoch": 50, "optimizer": "SGD", "crit": "MSE", "weight_decay": 0.01, "dropout": 0.3, "logger_level": 20, "fragment": 0.3, "train_losses": [0.09710924735470633, 0.09203505808085054, 0.09014109065335, 0.08893348366471392, 0.08793350470125974, 0.08716146217368954, 0.08654429767299537, 0.08590532045568054, 0.08528134833328688, 0.08469117032223611, 0.08422975017497288, 0.08374849763048355, 0.08321932609656349, 0.08278943014204801, 0.08228039202378623, 0.0817787192350057, 0.08128674612871965, 0.0809270688262417, 0.08056557410625956, 0.08009608381956666, 0.07957342446748934, 0.07921939844911421, 0.07879970686968847, 0.07854395153833993, 0.07812477268241158, 0.07780548724247582, 0.07734428834750424, 0.07699832331445348, 0.07665183050698371, 0.07636093896762211, 0.07616984475422744, 0.07586370195126414, 0.07554580877773726, 0.07533466568843804, 0.0750781491997853, 0.07462401321185894, 0.07437794706105587, 0.07423628726272127, 0.07405954056498992, 0.07388247890238786, 0.07342745066063489, 0.07336521747723297, 0.07314703499327353, 0.07285427858107653, 0.07257054270661656, 0.07202204498438979, 0.07199480371484206, 0.07183821007010326, 0.07170146559575695, 0.0714117796651682], "test_losses": [0.14089356789986293, 0.13713258037964504, 0.13635029902060827, 0.1344785154859225, 0.1336635454495748, 0.1348364422718684, 0.13431869039932887, 0.13402789910634358, 0.13357888688643774, 0.13276592989762623, 0.13342363715171815, 0.13349480817715326, 0.13393616606791814, 0.132865771651268, 0.13377677937348684, 0.1342781565586726, 0.13540986190239587, 0.13447136302789053, 0.13390074024597803, 0.13339498112599055, 0.13555473854144415, 0.1346187557776769, 0.13440231303373973, 0.13390420258045196, 0.13386269013086954, 0.13470616747935613, 0.13484355042378107, 0.13296751260757447, 0.13508022129535674, 0.13572245299816132, 0.13454570869604746, 0.1365634403626124, 0.1334762586156527, 0.13172363569339116, 0.13195743014415104, 0.13151794215043386, 0.13552204142014185, 0.13648727556069692, 0.13260349869728089, 0.13213505178689958, 0.13481811384359996, 0.13779297957817713, 0.134907785654068, 0.13260292917490005, 0.13579484423001606, 0.1376234672466914, 0.1335907781124115, 0.1353903157512347, 0.13330334852139156, 0.13239037136236825]}