{"seq_len": 32, "num_hidden": 2, "hidden_size": 64, "lr": 0.001, "batch_size": 128, "grad_clip": 100.0, "nb_epoch": 50, "optimizer": "SGD", "crit": "MSE", "weight_decay": 0.01, "dropout": 0.5, "logger_level": 20, "fragment": 0.3, "train_losses": [0.10242634079414396, 0.09844267933662214, 0.0970181155219749, 0.09630696902323009, 0.09572265413238774, 0.09531809359639135, 0.0951101329158898, 0.09490247684807035, 0.09467500744003747, 0.09442128914984027, 0.09424940421802913, 0.0940908537662808, 0.09380452825346185, 0.09366364032030106, 0.09349175857089871, 0.09347087874933703, 0.09329689327795901, 0.09303236996109163, 0.0930446970777296, 0.09295954203336083, 0.09278494246940516, 0.0927824989410501, 0.09266295654689846, 0.09245413657858144, 0.09245056580359014, 0.09236379458227349, 0.09228064160999941, 0.09220580344823137, 0.09203110549168371, 0.09197821561715111, 0.09178219866662768, 0.0917672596909293, 0.09155935318625752, 0.09133897699303363, 0.09119924715715437, 0.0911268963661026, 0.09097680895023011, 0.09102075400963501, 0.09095017668140594, 0.09088003365837749, 0.09072015206118923, 0.09062686259273309, 0.09055898757885449, 0.09043617351869841, 0.09041779102692053, 0.0903723746463282, 0.09029066749853105, 0.09033799321208168, 0.09013086452556016, 0.09012916395861899], "test_losses": [0.14204664627710978, 0.13768351326386133, 0.1376485852400462, 0.13799793461958568, 0.13839667956034343, 0.13824725031852722, 0.13837260564168294, 0.1385561341047287, 0.13826137830813726, 0.1379420778155327, 0.13757325778404872, 0.13705732703208923, 0.13725787977377574, 0.13732527991135915, 0.13744325965642928, 0.1372599039475123, 0.1371820318698883, 0.13717581063508988, 0.13707432379325232, 0.13696808815002443, 0.13696837703386944, 0.13687288969755174, 0.13688752035299936, 0.13673357238372166, 0.1365990256269773, 0.13655801822741825, 0.13650968859593074, 0.13657454838355382, 0.13639596740404764, 0.1364285758137703, 0.13629911541938783, 0.13625726709763208, 0.1358815563718478, 0.13546435683965682, 0.13527492652336756, 0.13539698471625647, 0.13509831964969635, 0.13546518196662266, 0.13503868639469147, 0.13514087378978729, 0.13556813130776088, 0.13519810607035954, 0.13504572421312333, 0.13491281310717265, 0.13507140537103018, 0.1348788160085678, 0.13524857223033904, 0.1350146006544431, 0.1348820908864339, 0.13523995260397592]}