{"seq_len": 64, "num_hidden": 3, "hidden_size": 32, "lr": 0.0001, "batch_size": 64, "grad_clip": 1, "nb_epoch": 25, "optimizer": "RMSprop", "crit": "MSE", "weight_decay": 1e-05, "bidirect": true, "dropout": 0.3, "logger_level": 20, "fragment": 1, "features": "all", "overlapping": true, "model-with-CNN": false, "train_losses": [0.02071029200715132, 0.0067730474641664274, 0.005370100639410351, 0.004527855988804291, 0.0039046136612138596, 0.003482631648042582, 0.0032126991939623317, 0.0030476578219990336, 0.002940993285192627, 0.0028643285531338263, 0.0027827537805667126, 0.0027246382056975104, 0.002677049700300624, 0.0026320360388566604, 0.0025804711965691923, 0.0025748130683327965, 0.002514923635715237, 0.0024951783586286283, 0.002474422548834424, 0.0024497603973551714, 0.002424366405888106, 0.0024085366986878504, 0.0023777317324795333, 0.0023750456000530434, 0.00234580099261947], "test_losses": [0.14295105065566216, 0.14793869032090162, 0.14099234948029585, 0.13846144329020546, 0.1373471347747898, 0.12995369480486557, 0.13173723041768473, 0.1257879413709864, 0.12923246790520285, 0.12647889172108256, 0.12800762700694643, 0.12694998047563064, 0.12580129768236592, 0.12412887945194594, 0.1275746556806953, 0.12592450917798972, 0.12694864729210703, 0.12434045225381851, 0.13523817550990344, 0.12666041845580953, 0.1269119033199221, 0.1344767795257316, 0.12853620126995197, 0.12994450338321403, 0.12720749155445643]}