{"seq_len": 32, "num_hidden": 2, "hidden_size": 64, "lr": 0.001, "batch_size": 128, "grad_clip": 10.0, "nb_epoch": 50, "optimizer": "SGD", "crit": "MSE", "weight_decay": 1e-06, "dropout": 0.1, "logger_level": 20, "fragment": 0.3, "train_losses": [0.09938859531478067, 0.09667944889422038, 0.09559366065802885, 0.09494005862492413, 0.09446841620620172, 0.0942257688797299, 0.09395266949531421, 0.09374847708634995, 0.093462352701767, 0.09337292001325281, 0.09316720165799011, 0.09304654950173057, 0.09289876648678852, 0.0926759556385141, 0.09262273250962022, 0.09245831788934056, 0.09241539052682905, 0.09228703697871922, 0.09212058393200438, 0.09206399392692288, 0.09195170660114768, 0.09192609607274808, 0.09179339243389255, 0.09181130722389748, 0.09165137980002255, 0.09155705080709266, 0.09145832649577203, 0.09123100228046054, 0.09121631961971072, 0.09113157151182692, 0.0911305075764057, 0.09113731400002187, 0.09097829270153189, 0.09095862567724294, 0.09083326303180139, 0.09074802254911643, 0.09084703949228604, 0.09061410871507534, 0.09070541200476076, 0.09069187519837864, 0.09055334075012399, 0.09058437406567472, 0.09047697675437784, 0.09045955823294481, 0.09043285733641092, 0.09038738105165299, 0.09040411748928041, 0.09029419008810916, 0.09023149259126366, 0.09030130572954015], "test_losses": [0.13381822884082795, 0.13479028771320978, 0.13553025255600612, 0.13641108373800914, 0.13678274462620418, 0.1368622973561287, 0.1368857608238856, 0.13692123770713807, 0.13706853608290354, 0.13700494676828384, 0.13716232160727182, 0.1370516543587049, 0.13701918015877407, 0.13692599932352703, 0.13682820012172064, 0.1367665954430898, 0.13655772924423218, 0.13652373264233272, 0.13650365471839904, 0.13663150638341903, 0.1365085056424141, 0.13638404329617818, 0.13655910293261211, 0.13645263234774271, 0.1359429559111595, 0.13591094146172206, 0.13563356002171834, 0.13573746035496395, 0.13599093735218049, 0.13594789057970047, 0.13583497603734335, 0.13577648530403774, 0.13580710132916768, 0.13576237459977467, 0.13551209698120753, 0.13549568156401318, 0.13567385812600455, 0.1355658065279325, 0.13572648306687674, 0.13561650772889455, 0.13561627805233, 0.13563827872276307, 0.13560957630475362, 0.13545050809780756, 0.13549475312232973, 0.13561820576588313, 0.13550213783979415, 0.13549526691436767, 0.13536360293626784, 0.13539137880007426]}