{"seq_len": 64, "num_hidden": 2, "hidden_size": 32, "lr": 0.001, "batch_size": 16, "grad_clip": 1, "nb_epoch": 50, "optimizer": "RMSprop", "crit": "MSE", "weight_decay": 0.1, "bidirect": true, "dropout": 0.4, "logger_level": 20, "fragment": 0.1, "features": "gabor", "overlapping": false, "train_losses": [0.09602124896438825, 0.09526607402831833, 0.09528212354075243, 0.09525954167076847, 0.09525610973810875, 0.09527122441801263, 0.09524605143994724, 0.09526470874890197, 0.09525904859737394, 0.09521269480301237, 0.09527628738899681, 0.0952330583021016, 0.09529763806130385, 0.09525287888499125, 0.09524417403719329, 0.0952437781874155, 0.09530013782440583, 0.09524379834274337, 0.09525472530108196, 0.09525671128276915, 0.09524991829127705, 0.09527897279214308, 0.09525882794390754, 0.09527006282368837, 0.0952608042498889, 0.09521060153440014, 0.09524158251997593, 0.09528770526738295, 0.09527317376408963, 0.0952781837699156, 0.0952738656057673, 0.09526317326176144, 0.09526838478497687, 0.09527491316601261, 0.09517799753530637, 0.09527411616204562, 0.09529903527485613, 0.0952597474589628, 0.09526078729587024, 0.09528012959885919, 0.09524656712348521, 0.09528516593294106, 0.0952647903535752, 0.09529315642940746, 0.09522560584091497, 0.0952446175333622, 0.09523932930792688, 0.09530251350447622, 0.09518134387960094, 0.095299857307893], "test_losses": [0.14140610321221617, 0.1379746205840014, 0.13918304390411088, 0.14054657764695017, 0.14012494112180574, 0.13949913803847308, 0.14020270358789996, 0.1387718741209979, 0.1388927231434033, 0.13923380444497627, 0.1382132193385647, 0.14059887792404532, 0.13850703536707737, 0.13964304082133444, 0.14089242951367711, 0.14064139071001014, 0.13844166072038225, 0.13967325863650606, 0.13929084574964445, 0.13887749513998854, 0.13895487513033872, 0.13828070132714237, 0.13871245411446856, 0.14006077418775123, 0.13924653964296815, 0.14005409075221434, 0.13831887556816722, 0.13830104750122516, 0.13907472203074372, 0.13909959679630202, 0.1390201810198992, 0.13930392257755783, 0.1394799428089016, 0.1387748925138246, 0.13960104571835039, 0.1380474516356052, 0.13806701069555913, 0.1399436866117613, 0.13983001170424642, 0.1394293603633866, 0.13954464418028817, 0.13839715337238942, 0.13867288967830882, 0.13883854683280597, 0.13975662125397453, 0.1400152966001917, 0.13922025259527457, 0.13791779504360888, 0.1407839216027163, 0.13779070882627806]}