{"seq_len": 32, "num_hidden": 2, "hidden_size": 1024, "lr": 0.001, "batch_size": 128, "grad_clip": 100.0, "nb_epoch": 50, "optimizer": "SGD", "crit": "MSE", "weight_decay": 1e-06, "dropout": 0.1, "logger_level": 20, "fragment": 0.3, "train_losses": [0.09720423701570262, 0.09064691592400996, 0.08843348223959381, 0.08711269782416185, 0.0862203514830551, 0.08533723146921426, 0.08463435728645805, 0.08389314387611409, 0.08318958045849249, 0.08249862434052342, 0.08205347500704041, 0.08166808938261252, 0.08091529653449754, 0.08044509668296305, 0.07993884002743055, 0.0794504994723066, 0.07898477773795176, 0.07859112011577615, 0.07799415121875217, 0.07785874414234305, 0.07724029099072643, 0.07682213763795306, 0.0765425118818954, 0.07609109479428536, 0.07576545015276975, 0.0752936019257984, 0.07493357062714184, 0.07456730457780948, 0.0741983286325057, 0.07384065697765231, 0.07361738129177285, 0.07313375246135434, 0.07271295915072287, 0.07239284832498535, 0.07217885276780056, 0.07168808721717279, 0.07147908764867926, 0.07126516103744507, 0.07082094984063551, 0.07049256795315287, 0.07020610430507204, 0.07013315379844239, 0.07008234516310333, 0.06981213478811422, 0.06947413270347681, 0.06931265280699012, 0.06897175048089507, 0.0690485183804778, 0.068715569923571, 0.06852298870158555], "test_losses": [0.13828469067811966, 0.1357924429575602, 0.13460281878709793, 0.13451006839672724, 0.13333301454782487, 0.13325554599364597, 0.13260718911886216, 0.13156145373980205, 0.13180081973473232, 0.13062773168087005, 0.1320555196205775, 0.13191246996323266, 0.13151032427946727, 0.13195607503255208, 0.1308455976843834, 0.13049111674229305, 0.1297781202197075, 0.1322047793865204, 0.1324103238185247, 0.13168317993481954, 0.13106907298167547, 0.13022999107837677, 0.13000558356444042, 0.13181584785381953, 0.13291793704032898, 0.12997294187545777, 0.1292608478665352, 0.13619792193174363, 0.13050377776225408, 0.13540964394807817, 0.1325795895854632, 0.13305983444054922, 0.13296542882919313, 0.131120252708594, 0.13173733830451964, 0.1352393459280332, 0.13595761477947235, 0.13371998290220896, 0.134006258447965, 0.13521167665719985, 0.13102385729551316, 0.13312008142471313, 0.13915236701567968, 0.13530295759439467, 0.13994833081960678, 0.1363802950580915, 0.132309317390124, 0.1395348072052002, 0.13160692354043324, 0.13367406487464906]}