{"seq_len": 32, "num_hidden": 2, "hidden_size": 256, "lr": 0.001, "batch_size": 128, "grad_clip": 100.0, "nb_epoch": 50, "optimizer": "SGD", "crit": "MSE", "weight_decay": 0.0001, "dropout": 0.1, "logger_level": 20, "fragment": 0.3, "train_losses": [0.09939369870040884, 0.09499374196757024, 0.09363669216932363, 0.092725355271718, 0.09198002775560073, 0.09134069092609176, 0.09086174341901462, 0.09044930443691848, 0.09014767726611851, 0.08983014591375188, 0.08950479317400324, 0.08921578024799501, 0.0888669940469852, 0.08857156152851019, 0.08835673448278676, 0.08810909223466662, 0.0879983624171971, 0.08776738898987746, 0.08743145807304574, 0.08733189948389877, 0.08709399802750678, 0.0868837928502404, 0.0867004556272497, 0.08656321705585748, 0.08636861268299909, 0.0860804694905952, 0.08586021692459307, 0.08565310501123792, 0.08556586743599207, 0.08539261388119741, 0.08530099420391735, 0.08513942327181898, 0.08493269796497259, 0.08477356516985438, 0.08456661387454326, 0.08438622419858098, 0.08428600722521394, 0.08414170479205385, 0.08392584301418994, 0.0837877336047103, 0.0837002320580147, 0.08359156552720909, 0.08345770233090799, 0.0833346540080243, 0.08332044661194835, 0.08319948943116558, 0.0829384610730799, 0.08273596827633417, 0.08263705283328517, 0.08257890166948788], "test_losses": [0.13855726699034374, 0.13599148551623028, 0.13665583918492, 0.13630425304174423, 0.1356100943684578, 0.13522847712039948, 0.13509990841150285, 0.13459676762421927, 0.1343685139218966, 0.13434471954902014, 0.1351571841041247, 0.133916255235672, 0.13404515475034715, 0.13330809742212296, 0.13420614461104075, 0.13265738278627395, 0.1328388586640358, 0.13261036982138952, 0.1330208565791448, 0.13175044159094493, 0.1322276015082995, 0.1311121309796969, 0.1315663621822993, 0.13103643268346787, 0.13151249378919602, 0.13233827382326127, 0.13248749484618505, 0.13184160619974136, 0.13177836308876673, 0.13094054609537126, 0.1328429995973905, 0.13191562434037526, 0.13119637101888657, 0.13113930881023406, 0.12995383818944295, 0.13146100362141927, 0.13179580648740133, 0.1301843875646591, 0.13067107369502384, 0.13189363757769268, 0.13066440482934316, 0.13077324718236924, 0.13150436560312906, 0.1303036759297053, 0.13419484068950016, 0.12929504861434302, 0.13029878079891205, 0.13034587740898132, 0.13029097785552343, 0.13056700627009074]}