{"seq_len": 64, "num_hidden": 2, "hidden_size": 32, "lr": 0.001, "batch_size": 16, "grad_clip": 1, "nb_epoch": 50, "optimizer": "RMSprop", "crit": "MSE", "weight_decay": 0.1, "bidirect": true, "dropout": 0.4, "logger_level": 20, "fragment": 0.1, "features": "fcth", "overlapping": false, "train_losses": [0.09466570767220504, 0.09422203864694101, 0.09424679864894218, 0.09419664880529993, 0.09426037856666569, 0.09418944217738388, 0.09422156252756514, 0.09423288911121659, 0.09422172190395393, 0.09419811167440204, 0.09413958795957253, 0.09428261863588139, 0.09423603234464493, 0.09421798647856897, 0.09423742625639847, 0.09425040394039053, 0.09423093456121769, 0.09421745742992399, 0.09420292614196536, 0.0942651816358456, 0.09420480596364578, 0.09422507402639628, 0.09425246997634111, 0.0942359399301698, 0.09422278984921746, 0.09421380964576165, 0.09425078080482566, 0.09424234040957195, 0.09419476765572221, 0.09426904356318862, 0.09421765824388677, 0.09422366844350202, 0.09425091552539139, 0.0942373880847341, 0.09422160046236133, 0.09416320456303154, 0.09427362467253829, 0.0942341255774158, 0.09422095447261898, 0.0942406718025203, 0.09423567841335528, 0.09423424548295421, 0.09424980905675015, 0.09422056364731751, 0.09422654218555415, 0.09423316804860828, 0.09420889090595908, 0.09421795232648565, 0.09422971749667487, 0.09425357090370273], "test_losses": [0.13800809630736482, 0.13855009181850453, 0.13837790179071088, 0.13863922693402633, 0.138847387457257, 0.14031952570386344, 0.13972499179961112, 0.1393813342234205, 0.14007719912504787, 0.13919278037578323, 0.1386772699767563, 0.1379133658058147, 0.13916743391661474, 0.1395922974130224, 0.13885581928310056, 0.1390519174298054, 0.13991266663001878, 0.14040709948781782, 0.13924368194819706, 0.13869194901987986, 0.1395159356560804, 0.13823376524115577, 0.13850717465889636, 0.13886399608729455, 0.13961769746342287, 0.1392216464589695, 0.13835536987345837, 0.13873942884696921, 0.13929474232765623, 0.1381329987859968, 0.13971473518664462, 0.13894584642600288, 0.13863168327790226, 0.13953181064976047, 0.1390123937638278, 0.1383093216924498, 0.13776808239633057, 0.13871624090042212, 0.13866356484175937, 0.1384625570271826, 0.1392548468134125, 0.13923748544781342, 0.13994040067879682, 0.1402731377839437, 0.13945215017662435, 0.1385613547893345, 0.13855311062735348, 0.13838805057826986, 0.13885574753816962, 0.138862105303912]}