{"seq_len": 32, "num_hidden": 2, "hidden_size": 256, "lr": 0.001, "batch_size": 128, "grad_clip": 100.0, "nb_epoch": 50, "optimizer": "SGD", "crit": "MSE", "weight_decay": 0.01, "dropout": 0.5, "logger_level": 20, "fragment": 0.3, "train_losses": [0.10210363503227282, 0.09650757040210704, 0.09494230697801964, 0.09382738311536348, 0.09332335096358055, 0.0927563292447047, 0.09222952714517488, 0.09178642823768021, 0.09134898252373365, 0.09128917832320659, 0.09088071514314143, 0.09066752389298012, 0.09033940004269082, 0.09013235217063272, 0.08995259103912805, 0.08985554595388959, 0.08975945356952485, 0.08955840511837197, 0.0894276585486067, 0.0892292664353572, 0.0892199100411717, 0.08893114946146108, 0.08888774503715074, 0.08875563669594089, 0.08860997653486741, 0.08858784482856492, 0.08832937014761881, 0.08824748961470234, 0.08802640825584905, 0.08798345320638101, 0.08790445526191337, 0.08771128709142531, 0.08774724250762307, 0.08753180264228552, 0.08751636900793967, 0.08735234709690563, 0.08716689782151625, 0.08712235167996968, 0.08699121045407339, 0.08697880257913215, 0.08690993787355758, 0.08676517810953323, 0.08673541146756417, 0.08658765125364515, 0.0864578147030356, 0.08633482737008051, 0.08618813786824145, 0.08615123454350324, 0.08602514881734273, 0.08581304905851882], "test_losses": [0.14487625857194264, 0.13632298668225606, 0.1365323226650556, 0.13650224655866622, 0.13591984351476033, 0.1358733703692754, 0.1357393447558085, 0.13521179676055908, 0.1350627686580022, 0.13438486089309057, 0.13458111107349396, 0.1344057637453079, 0.13422614415486653, 0.13430592914422354, 0.13387649297714233, 0.1334322236975034, 0.13402117252349854, 0.13409928719202677, 0.13376706461111704, 0.13339015930891038, 0.13298675537109375, 0.13308528820673624, 0.1330202050010363, 0.133011268277963, 0.13295271406571071, 0.13269795964161554, 0.1329024405280749, 0.13220749785502753, 0.13288808713356653, 0.13276594052712123, 0.13261555671691894, 0.1321633830666542, 0.13288060307502747, 0.13241912831862768, 0.13275171289841334, 0.13250138262907665, 0.13219903588294982, 0.13169263223807018, 0.13221749265988667, 0.13194404055674872, 0.13256411880254745, 0.13245464146137237, 0.13177307248115538, 0.1321560811003049, 0.13176663170258204, 0.13176910599072775, 0.13280900498231252, 0.13235095818837483, 0.13154794792334237, 0.131679837902387]}