{"seq_len": 30, "num_hidden": 1, "hidden_size": 32, "lr": 0.001, "batch_size": 128, "grad_clip": null, "nb_epoch": 100, "optimizer": "SGD", "crit": "MSE", "weight_decay": 0, "dropout": 0, "logger_level": 20, "fragment": 1, "train_losses": [0.12740655770114542, 0.10648242160227724, 0.10148605347535042, 0.09901185839062732, 0.09760670890620828, 0.09664011269447667, 0.09577514052255996, 0.09511358664565216, 0.0945478128635091, 0.09402845579331735, 0.09357985444479479, 0.09319372002451802, 0.09287407502441967, 0.09258219361125163, 0.09232451171358186, 0.0920985653726356, 0.09188426406406924, 0.09170002400244831, 0.09153133753428286, 0.09137616724090994, 0.09122414957855764, 0.09108914134410573, 0.09096848964691162, 0.09085977017834468, 0.09075811646000856, 0.09066159487490928, 0.09057153079354871, 0.09048294767827426, 0.09040639041908918, 0.09033153757588021, 0.09025944852666913, 0.09019212279570067, 0.0901300153410867, 0.0900668730661048, 0.0900070981384224, 0.0899477331727473, 0.08989117609680239, 0.08984025646552579, 0.08979035175638977, 0.08973856990611084, 0.08968676681830083, 0.08963711225509284, 0.08959194482093132, 0.08954628193441475, 0.08950260367098171, 0.08946155769092079, 0.08941923933852115, 0.08938344922535729, 0.08934602761511716, 0.08931009447781701, 0.08927672948924617, 0.08924728531806851, 0.08921281094142318, 0.08918132844558295, 0.08914894248243545, 0.08912151192070134, 0.08909099896823891, 0.08906528249022824, 0.0890383448823161, 0.0890131108350264, 0.08898495070163577, 0.08896369574833493, 0.0889390675390415, 0.0889097025049597, 0.08888135760392307, 0.08886000822407962, 0.08883600011242841, 0.08881410324996691, 0.08879004975955292, 0.08876374232219786, 0.08873935891287205, 0.08871950126981808, 0.08869784166670638, 0.08867176400435656, 0.08864881432533624, 0.08862270956178087, 0.08859948772273035, 0.08857503334155976, 0.08855547781842353, 0.08853360687542898, 0.08851268711947242, 0.08849062230381721, 0.08846941779387321, 0.0884462648895752, 0.08842861669256248, 0.08840962189877141, 0.0883918084721911, 0.08837299881744962, 0.08835613644285144, 0.08833795533799693, 0.08832403491856108, 0.08830567287264274, 0.0882874096313272, 0.08827195601295848, 0.08825410428679241, 0.08823695617905196, 0.08821984433380499, 0.08819893124060328, 0.0881798562686609, 0.08816453972071679], "test_losses": [0.23586221075201608, 0.15662512626035147, 0.1494100929264084, 0.1467693897196088, 0.1455001904064393, 0.14456259001450367, 0.14325683154016133, 0.14308498578377996, 0.14204953889171762, 0.14181268409672512, 0.1413533604707584, 0.14098829285327688, 0.14048922777056216, 0.140188263272904, 0.1403693730333244, 0.1403256305549518, 0.1398245847249127, 0.13953687301481585, 0.1395194669624409, 0.1392994580199441, 0.13915422163813948, 0.13916917067455, 0.13905431150671949, 0.13915091483707887, 0.1388351025890155, 0.1389069188550773, 0.13873185821805134, 0.1385183816094954, 0.1385020346766016, 0.1387503642633737, 0.13846347292503677, 0.13867565881775087, 0.1385658673612947, 0.1384881323420379, 0.1384546938370988, 0.1383577525376316, 0.13827723596828528, 0.13807927586706767, 0.1382148942375279, 0.13812697592030568, 0.13808688362798538, 0.13821296181425033, 0.13856148196152415, 0.13822506775099588, 0.13806390621695652, 0.1379276885086274, 0.13808471377355508, 0.1378415300843706, 0.13802444001278244, 0.13827874762825218, 0.13790033374684882, 0.1382025863272119, 0.1381398115950416, 0.13790665534007024, 0.1381708068780631, 0.13822772485544405, 0.13802659442745538, 0.1382328499273124, 0.13807466270095373, 0.13777881148589183, 0.13778604378542267, 0.13836409402898994, 0.13792305367897792, 0.13823497468927298, 0.13783135010774836, 0.13765644165406743, 0.1379091236964766, 0.13823698374281926, 0.1377937815275537, 0.13790563802163763, 0.13785286442223324, 0.13829708425515147, 0.13790005999037538, 0.13794179583888455, 0.13788168407587642, 0.1380379970772678, 0.13767851425342292, 0.13771173890575347, 0.13813591105152803, 0.13819646990921602, 0.1378957171995477, 0.13787343927535667, 0.13802818720599255, 0.1379084266033996, 0.13835979073521604, 0.13800414095082916, 0.137844156309304, 0.13795119314548002, 0.13774822529659692, 0.1375809833706622, 0.13828533552736644, 0.13791892501005687, 0.13771916635663634, 0.1380578692119763, 0.1381294940669374, 0.13798924137550186, 0.13788048875140377, 0.13765705682067986, 0.1376857796766193, 0.13788193775468083]}