{"seq_len": 32, "num_hidden": 2, "hidden_size": 1024, "lr": 0.001, "batch_size": 128, "grad_clip": 100.0, "nb_epoch": 50, "optimizer": "SGD", "crit": "MSE", "weight_decay": 0.0001, "dropout": 0.3, "logger_level": 20, "fragment": 0.3, "train_losses": [0.09632866099551694, 0.09125677893059937, 0.08930435050372502, 0.08803223215754907, 0.08724631754746988, 0.08630774368592842, 0.0857707395700354, 0.08513561351664702, 0.0845455965354814, 0.08398393663254815, 0.08364614181632372, 0.08301989116411113, 0.08252155537431563, 0.08198556438762339, 0.08154681424175075, 0.08120215343470549, 0.08059385325291649, 0.08014215188260054, 0.07969586277876667, 0.07917038950339035, 0.07874055566200659, 0.0784003778019143, 0.078007157255507, 0.07757278574845898, 0.07730704508534628, 0.07690941699635444, 0.07653579173899776, 0.07626787112585863, 0.07593030969251939, 0.07565271948000893, 0.07514113185917912, 0.07483097339919464, 0.07463882401136297, 0.07442039807313051, 0.07406673602872159, 0.07398159230998413, 0.07374686953709952, 0.07332134843995823, 0.07309514344038076, 0.07280171138407597, 0.07245357720246866, 0.0722649242523028, 0.07206859520107657, 0.07178607974295041, 0.07157584227359474, 0.07149405672622086, 0.07118043451378094, 0.07073068933271283, 0.07066556923653013, 0.07046332622143492], "test_losses": [0.13789826661348342, 0.13690069566170374, 0.1358736362059911, 0.13578931083281834, 0.1336490915218989, 0.13578843732674917, 0.13297814389069876, 0.1346990531682968, 0.13356627345085145, 0.13354675521453221, 0.1332439829905828, 0.13429150402545928, 0.13329729249080022, 0.1323879008491834, 0.1328552023569743, 0.13434184988339742, 0.1341321744521459, 0.13269303768873214, 0.1330995770295461, 0.13233551681041716, 0.13188783953587213, 0.13469860007365544, 0.1329035383462906, 0.13412089983622233, 0.13223115334908167, 0.1338036146759987, 0.1324120639761289, 0.13202832599480946, 0.13373231967290242, 0.1330591171979904, 0.13527160187562307, 0.13318756798903147, 0.133386054734389, 0.13476116259892781, 0.13408641000588736, 0.1327239578962326, 0.1352021500468254, 0.134990477959315, 0.13396625061829884, 0.13738651762406032, 0.13426385432481766, 0.13442547847827277, 0.13760676831007004, 0.1354609850049019, 0.13346272905667622, 0.13417463411887487, 0.13509018073479334, 0.13619583050409953, 0.13417582829793295, 0.13771965265274047]}