{"seq_len": 64, "num_hidden": 2, "hidden_size": 32, "lr": 0.001, "batch_size": 16, "grad_clip": 1, "nb_epoch": 50, "optimizer": "RMSprop", "crit": "MSE", "weight_decay": 0.1, "bidirect": true, "dropout": 0.4, "logger_level": 20, "fragment": 0.1, "features": "tamura", "overlapping": false, "train_losses": [0.09370307547537347, 0.09257037313888299, 0.09248323380401599, 0.09246718403318024, 0.09247652070887516, 0.09245769490769604, 0.0924715636682074, 0.09247983420745026, 0.09243442360060523, 0.0924915656921147, 0.09245732779792279, 0.09247636330638777, 0.09245855888793234, 0.09244907358463904, 0.09246136228731602, 0.09248508552451813, 0.09248745238304368, 0.09242427021064051, 0.09244228152267506, 0.09244369286936142, 0.09248357814573369, 0.09246691510167425, 0.09245172331759235, 0.09247259401603242, 0.09245307362406929, 0.09244918695476932, 0.09249632141637205, 0.09247068551894787, 0.0924506819015638, 0.09245353805794881, 0.09249120370012946, 0.09244327392134823, 0.09250086318407215, 0.09246309860277498, 0.09246691732679947, 0.09249514934242575, 0.09244088789803444, 0.09252732377750565, 0.09244824061618834, 0.09243477366304811, 0.09247391572606127, 0.09243450898799134, 0.09248323932376211, 0.09247624630068997, 0.09243611728697154, 0.09244538512016308, 0.09250429266909414, 0.09246365224264261, 0.09246064782113927, 0.0924694285313518], "test_losses": [0.15162834615876833, 0.13935406305614462, 0.14270556135679865, 0.14211162576820643, 0.14211601060507867, 0.14240020494624442, 0.14174380577003895, 0.14249322400782918, 0.14272912152981396, 0.14068954937197836, 0.14268768703574455, 0.14185926590474124, 0.1422750277038153, 0.14325831989346421, 0.14174288821401934, 0.14161439777025717, 0.14140290407662465, 0.14203729525889236, 0.14182824070381028, 0.14084195296473914, 0.1399701599239698, 0.14161548404221608, 0.14169605008236646, 0.1435120728642202, 0.1418678540793167, 0.14171625170762164, 0.1415551442860952, 0.14203904928440975, 0.14169605284324152, 0.14187063783558493, 0.1411071591797819, 0.14217516904706276, 0.1407006216533293, 0.14199405420703937, 0.14178945453185116, 0.1415300504280831, 0.1417641194187445, 0.14092649334124502, 0.14227001028617625, 0.14324303538666158, 0.14115887990003914, 0.14343892518185117, 0.14138218132674996, 0.14172398911666145, 0.1415279471329626, 0.14104195669066483, 0.14087956421417633, 0.141996382343285, 0.14190425001425186, 0.14177010552532177]}