{"seq_len": 32, "num_hidden": 2, "hidden_size": 256, "lr": 0.001, "batch_size": 128, "grad_clip": 100.0, "nb_epoch": 50, "optimizer": "SGD", "crit": "MSE", "weight_decay": 0.01, "dropout": 0.1, "logger_level": 20, "fragment": 0.3, "train_losses": [0.10812637127524045, 0.09582442603069334, 0.0938216467673455, 0.09254563629776988, 0.09169912390672981, 0.0910158030426682, 0.0905450043741183, 0.09004807442276921, 0.08959015529958447, 0.08918844515354789, 0.08883418019243221, 0.0886668487634491, 0.08830326114168119, 0.08810249173161971, 0.08798067425213867, 0.08773002256849903, 0.08763402614311956, 0.08730509405459591, 0.08708637799300141, 0.086984590968894, 0.08671203952039307, 0.08651106329119984, 0.08647581871280718, 0.08619160762983351, 0.08608067316475825, 0.08586433780702514, 0.08576535834139914, 0.08556043113296355, 0.0855230741464912, 0.08529066294431686, 0.08504990252418135, 0.08499516513030134, 0.084671632017023, 0.08450858598228675, 0.08440394703317528, 0.08416760568717617, 0.08401412078783141, 0.08379905397568516, 0.08374209589694613, 0.08357475361033301, 0.08341298364664441, 0.08317661188056122, 0.08309303152950565, 0.08254362747597335, 0.08247102579878803, 0.08250256521093785, 0.08209816070657279, 0.08202056594230422, 0.08182272569618033, 0.08149135981372853], "test_losses": [0.15780388901631037, 0.13918805241584778, 0.13839944938818613, 0.13761077384154002, 0.13698590735594432, 0.13661941419045132, 0.13662915895382563, 0.13649236420790353, 0.13620803266763687, 0.13544497231642405, 0.13611160347859064, 0.13525998204946518, 0.13553147425254186, 0.1345793265104294, 0.13515444109837213, 0.13549245953559874, 0.13521672576665877, 0.13564357618490855, 0.13527148256699245, 0.1343519353866577, 0.1349521251519521, 0.1353525956471761, 0.13447037388881047, 0.1347742243607839, 0.1353659325838089, 0.13356299102306365, 0.13505583981672922, 0.13471660365660984, 0.13438253730535507, 0.13538399954636893, 0.13461123377084733, 0.13433216442664464, 0.1341372180978457, 0.13469659715890883, 0.13449393997589748, 0.13427988598744076, 0.1328306293487549, 0.13403267761071522, 0.133272032837073, 0.1324870521823565, 0.1347623128692309, 0.13200779060522716, 0.13285833209753037, 0.13335221747557321, 0.13372004131476084, 0.13447876383860907, 0.13585068474213283, 0.13271695077419282, 0.1345468055208524, 0.13404164910316468]}