{"seq_len": 1, "num_hidden": 1, "hidden_size": 256, "lr": 0.0001, "batch_size": 64, "grad_clip": 1, "nb_epoch": 25, "optimizer": "RMSprop", "crit": "MSE", "weight_decay": 1e-05, "bidirect": true, "dropout": 0.3, "logger_level": 20, "fragment": 1, "features": "visual", "overlapping": true, "model": "FC", "train_losses": [0.1002493814883979, 0.0849271736895277, 0.08165363024618773, 0.07921795394899409, 0.07740782627472191, 0.07563695060151457, 0.07443934093549594, 0.07322826053955507, 0.07172874770311842, 0.07002705195123564, 0.06873089535287688, 0.06766071257685499, 0.06671871049378036, 0.0659145820753147, 0.06532714757916214, 0.06478068405940697, 0.06419410317328654, 0.06373510692813437, 0.06330695044755405, 0.06286454190788396, 0.06253153266027049, 0.06220754890605177, 0.06190314447561192, 0.06173813078931374, 0.061426469512731834], "test_losses": [0.1529910745725006, 0.14385057430321843, 0.14282152767683828, 0.1442167326719102, 0.1448199929702827, 0.14397306943212304, 0.14197176644508216, 0.14285097720016304, 0.1406320438499953, 0.13841514079044637, 0.1466672699565205, 0.14147168297179888, 0.1382789051615694, 0.1361639677708002, 0.13663637998030626, 0.13689694965395255, 0.13600669993794937, 0.13918628398454924, 0.13701477353544406, 0.1352842278467495, 0.13929573018437114, 0.1341343367875926, 0.1357097204619089, 0.1358152956925851, 0.1344134793514997]}