{"seq_len": 1, "num_hidden": 3, "hidden_size": 32, "lr": 0.0001, "batch_size": 64, "grad_clip": 1, "nb_epoch": 25, "optimizer": "RMSprop", "crit": "MSE", "weight_decay": 1e-05, "bidirect": true, "dropout": 0.3, "logger_level": 20, "fragment": 1, "features": "all", "overlapping": true, "model": "FC", "train_losses": [0.08889028904842021, 0.08099328700256683, 0.07773713685113054, 0.07557891950332066, 0.07384243937459538, 0.07259903787327592, 0.07159046198738533, 0.07052311030477175, 0.06975865327845084, 0.06907410980233371, 0.06837763817899299, 0.06786514071950933, 0.06729758093610638, 0.0669238020506229, 0.06674871226162847, 0.06633918713045368, 0.06593994672652874, 0.06567112753290819, 0.06535157246574616, 0.06517439012283649, 0.064888568709825, 0.06474871219791964, 0.06438223581481795, 0.06421796869937367, 0.0640659728948284], "test_losses": [0.13377356781044727, 0.13346343459357798, 0.1311568729801633, 0.13213756742700195, 0.13092397569602812, 0.12980789703059623, 0.13199618812761535, 0.13196890110938733, 0.13260680682971984, 0.13142233519679747, 0.1313075662903473, 0.1312651105417646, 0.13264781855802177, 0.13264754219036215, 0.13276900130344432, 0.13155776022324267, 0.13043314212596202, 0.13305221549855548, 0.13178806387584205, 0.1310791077303365, 0.13273724121139727, 0.13136931434718088, 0.13099350055927786, 0.13054923037766936, 0.13147272514716293]}