{"seq_len": 64, "num_hidden": 1, "hidden_size": 16, "lr": 1e-05, "batch_size": 16, "grad_clip": 1, "nb_epoch": 50, "optimizer": "RMSprop", "crit": "MSE", "weight_decay": 0.001, "bidirect": true, "dropout": 0.3, "logger_level": 20, "fragment": 1, "features": "all", "overlapping": true, "train_losses": [0.1235302932998291, 0.07499978371926355, 0.056174482366784344, 0.040774785853592184, 0.029034270765708477, 0.021734044589604717, 0.017528244354519884, 0.014964313506326406, 0.013197811269999872, 0.01191710722982625, 0.01096321512112369, 0.01024955393206364, 0.009714012693610179, 0.009290143242195565, 0.008962580778587588, 0.008713362647600916, 0.008503912025542215, 0.008330029421189876, 0.008182279547714128, 0.008063616209819569, 0.007956700254525982, 0.007877341547876827, 0.007811026003028702, 0.007721489528552961, 0.00767702132450894, 0.007614946302550492, 0.007572872610314102, 0.007520847004813165, 0.007474838344556116, 0.007438446785931642, 0.007405011393470772, 0.007379885444144838, 0.007339069082380159, 0.007303811402844269, 0.007287808961633356, 0.007263250758796069, 0.00723529529514649, 0.0072094716220961344, 0.007192633176888187, 0.007167328728106311, 0.007155046809010696, 0.007134540782530787, 0.00711600977922063, 0.00709965563646602, 0.0070937786580589175, 0.007056991045088695, 0.007054327092149613, 0.00703722999214961, 0.007017971492446026, 0.007003236241120063], "test_losses": [0.2412355551524629, 0.1627861189444252, 0.1467976647065563, 0.1402176559487857, 0.13583628932407144, 0.13278199558190917, 0.13296328370898933, 0.13325956555901744, 0.1353029351108057, 0.1334985481911205, 0.13549121480081971, 0.13500066437434774, 0.1353704193217735, 0.13537556788752142, 0.1346407242339564, 0.13533094352553623, 0.1366425249706593, 0.1401265956818389, 0.13552099061136824, 0.13823759969737795, 0.1338622021801185, 0.13919578778968553, 0.13717345808700077, 0.13711189519078543, 0.13732472936281978, 0.13982730648204092, 0.14062706923736953, 0.13979519979988397, 0.13837590086046953, 0.14020608808317436, 0.13900849197694043, 0.13816398082948483, 0.14148307389652814, 0.1386086673786243, 0.14058235328298946, 0.13869274368131804, 0.13782586737950764, 0.1390732634170826, 0.14027890283139716, 0.13916818305439904, 0.1372580191388225, 0.140311732383162, 0.13912738447631048, 0.1402238767886502, 0.13926754087194512, 0.13713970672525275, 0.13841728560406255, 0.13804207643860464, 0.13915318161036505, 0.14043104141251878]}