{"seq_len": 32, "num_hidden": 2, "hidden_size": 256, "lr": 0.001, "batch_size": 128, "grad_clip": 100.0, "nb_epoch": 50, "optimizer": "SGD", "crit": "MSE", "weight_decay": 0.01, "dropout": 0.3, "logger_level": 20, "fragment": 0.3, "train_losses": [0.09982044946158951, 0.0960576274062521, 0.09465058702020789, 0.09366273891236913, 0.09282793722410299, 0.09225888849802352, 0.09176396230357377, 0.09149456765483971, 0.09110538384423184, 0.09073105922446179, 0.09052074554577545, 0.09018092415290861, 0.0899867590273445, 0.08979673923260004, 0.08954153505701516, 0.08935021811244476, 0.08921050714637765, 0.08901624261733874, 0.08885811404067667, 0.08861613805270076, 0.08842069030407086, 0.088218435120942, 0.08800049934854459, 0.08799002001333477, 0.08778778894163257, 0.08767646839420999, 0.08755529817923828, 0.08732747058173519, 0.08719299782310898, 0.08711454841359775, 0.08689840729512162, 0.08677142248231562, 0.08664686760710712, 0.0865845098417608, 0.08644268197480158, 0.08644391132060007, 0.08621806647609825, 0.08605952452325341, 0.08601207967529345, 0.08599191065409675, 0.08565464404285253, 0.08560115379754023, 0.08558324312594667, 0.0854361377019978, 0.08531974589255586, 0.08517230122382917, 0.08506226292507134, 0.08492842979317335, 0.08484808071025053, 0.08472907782799036], "test_losses": [0.13773073097070057, 0.1381671259800593, 0.13825346330801647, 0.1378305999437968, 0.13758131484190622, 0.137055753270785, 0.13660858939091364, 0.1365589169661204, 0.13668645918369293, 0.1362257804473241, 0.13612697074810665, 0.1360286506017049, 0.13611900061368942, 0.13589001595973968, 0.13507435580094657, 0.1352255090077718, 0.13453782359759012, 0.13497152169545493, 0.13434502055247624, 0.13485630214214325, 0.13406822939713797, 0.13404136230548222, 0.13442038178443907, 0.1341738415757815, 0.1344163226087888, 0.1335646970073382, 0.13316280861695606, 0.13347961912552517, 0.13368539194266002, 0.13390843222538631, 0.1333416258295377, 0.133329343299071, 0.1330510890483856, 0.13294656693935394, 0.13366387774546942, 0.13310445100069046, 0.13297645012537637, 0.13287573506434758, 0.1323305258154869, 0.13316095858812332, 0.13293089320262272, 0.13213599304358165, 0.13244016140699386, 0.13227837800979614, 0.13294556379318237, 0.1325396391749382, 0.13201245665550232, 0.13281388829151788, 0.13310879836479822, 0.13215019792318344]}