{"seq_len": 32, "num_hidden": 2, "hidden_size": 64, "lr": 0.001, "batch_size": 128, "grad_clip": 1.0, "nb_epoch": 50, "optimizer": "SGD", "crit": "MSE", "weight_decay": 1e-06, "dropout": 0.1, "logger_level": 20, "fragment": 0.3, "train_losses": [0.10430172980580497, 0.09774135105573951, 0.09548811910290216, 0.09449478519621805, 0.09386710822582245, 0.09364278026711402, 0.09323988742564791, 0.09315589564529496, 0.09292327440413997, 0.09285509571358187, 0.09247036072327264, 0.09232325372683942, 0.0922050265660837, 0.09208243051965033, 0.09204352414937475, 0.09193504882517771, 0.09181618083961046, 0.09174653015394307, 0.09162832920125981, 0.09156937661332701, 0.09151309541421919, 0.09149973656064901, 0.09135196021004538, 0.09120103641970073, 0.09120632764232818, 0.0911802426354969, 0.09091680727187712, 0.09092056376850186, 0.0908808912613883, 0.0908588203203738, 0.09090446392495428, 0.09072384167106906, 0.09065317572211501, 0.09060120762293063, 0.09054821212986607, 0.09048613962066833, 0.09046797615349592, 0.09040673275539024, 0.09036893146720963, 0.09033061436672307, 0.09032425632578643, 0.09032547810868402, 0.09017368248808923, 0.09019635950949922, 0.09004108592792971, 0.09007868889588208, 0.09003348513763754, 0.08993623345790797, 0.08997420397535641, 0.08998082323589517], "test_losses": [0.14418102592229842, 0.1388585936029752, 0.13774790505568185, 0.13768634011348088, 0.13790845662355422, 0.13827514658371606, 0.13832252770662307, 0.138339191476504, 0.13827514549096426, 0.13839670012394586, 0.1384150916337967, 0.13823558082183202, 0.1383134828011195, 0.13836902807156246, 0.1381492695212364, 0.1381965215007464, 0.13817489097515742, 0.13811905056238175, 0.138084011276563, 0.13806942711273829, 0.13799149056275686, 0.13787848194440205, 0.13768925448258718, 0.13766336103280385, 0.13773936162392297, 0.13781722486019135, 0.13775306522846223, 0.1377934929728508, 0.13770950386921565, 0.1376632331808408, 0.13765777826309203, 0.13765710482994714, 0.13771697570880254, 0.13760451088349024, 0.13752851913372677, 0.13742698311805726, 0.13735552450021107, 0.13738522430260977, 0.1373478810985883, 0.13732520540555318, 0.13729160557190578, 0.1372510787844658, 0.1373190654317538, 0.1371289234360059, 0.13715645293394724, 0.13718110313018164, 0.1370046548048655, 0.13704379191001256, 0.13709068993727366, 0.13707009891668956]}