{"seq_len": 64, "num_hidden": 1, "hidden_size": 8, "lr": 0.001, "batch_size": 16, "grad_clip": 1, "nb_epoch": 50, "optimizer": "RMSprop", "crit": "MSE", "weight_decay": 1, "bidirect": true, "dropout": 0.4, "logger_level": 20, "fragment": 0.1, "features": "cedd", "train_losses": [0.10328969956592787, 0.0972725170411471, 0.09728346439885956, 0.09725853511507342, 0.09726685333659653, 0.0971806873719931, 0.09724733296616689, 0.09727417945373724, 0.09729788873725084, 0.09718520478533872, 0.09727776720258542, 0.09724998258786395, 0.09724254791332347, 0.09727500558531124, 0.09722835340165678, 0.09724969719043128, 0.09719585038735917, 0.09729540010695283, 0.09726354720964597, 0.09722946566997925, 0.09728649011696465, 0.09726671552956678, 0.09725039020209414, 0.09722427744597828, 0.09718064584828526, 0.0972929297944599, 0.09719328136544007, 0.0972734362906229, 0.09726718840456652, 0.0972792771797419, 0.09726191324276962, 0.09725452081689716, 0.0972342172023878, 0.0972294986951443, 0.09732567434968976, 0.0972844194728515, 0.09720794614655663, 0.0972347929714847, 0.09730611183108162, 0.09726840658167193, 0.097261238907803, 0.09725121878130588, 0.09722551080418, 0.09722609393054579, 0.0972545510355333, 0.09720973340302763, 0.09728354943453232, 0.0972528224075231, 0.09730417146446158, 0.09723862261297846], "test_losses": [0.2052144544000553, 0.13504335212374702, 0.13536073286369973, 0.1352467776328174, 0.1353644937049919, 0.1355463556075459, 0.1348599602047562, 0.13510786235181207, 0.1354533872250373, 0.13570595120415468, 0.13514287111722878, 0.13531977664395636, 0.13570837177298395, 0.13530615819287178, 0.13585813445639489, 0.13575379645007515, 0.13531269095270768, 0.13492555458684863, 0.13536757911522376, 0.13543743088009394, 0.1353491895316821, 0.13496987483828202, 0.13534267723257773, 0.1352173861135081, 0.13526773728846295, 0.13477619518029507, 0.1351485916881392, 0.13537302696462816, 0.13515604990841773, 0.13547547789394554, 0.13550425407850197, 0.13536725412619297, 0.13529366303972787, 0.1351803256775522, 0.13479525334943976, 0.13571482976227242, 0.135162972178556, 0.1346167184147738, 0.1349731981754303, 0.13466660973384295, 0.1348535779693405, 0.13538294357394204, 0.13545538080373998, 0.13546769771025266, 0.13455744662563207, 0.1347124349269165, 0.1345886284022162, 0.13482790111285176, 0.13541408049576173, 0.13556413515116358]}