{"seq_len": 64, "num_hidden": 2, "hidden_size": 32, "lr": 1e-05, "batch_size": 16, "grad_clip": 1, "nb_epoch": 200, "optimizer": "RMSprop", "crit": "MSE", "weight_decay": 0.01, "bidirect": true, "dropout": 0.3, "logger_level": 20, "fragment": 1, "features": "all", "overlapping": false, "train_losses": [0.1465547054287899, 0.14179146545658627, 0.13780877891793308, 0.13444148852344018, 0.13125303477407937, 0.12942217137799206, 0.12640417192176165, 0.12323699083672948, 0.12109178223882813, 0.11876923375460038, 0.11646597253450428, 0.11425561807959912, 0.11223444163081157, 0.11047569900212517, 0.10901446092918694, 0.10697117613920246, 0.1053577987813806, 0.104095063071294, 0.10239353448332074, 0.10161276987518172, 0.10002623516392994, 0.09884767934500453, 0.0976132499615112, 0.09680772034159627, 0.09580405859882574, 0.09490434767072459, 0.09449750342103372, 0.09342627168958445, 0.09250047336141747, 0.09198277493018701, 0.09134304325982749, 0.09126466315194785, 0.08992925806936011, 0.08970387648028064, 0.08916917537529785, 0.0886411861662405, 0.08824033204870052, 0.08799981698393822, 0.08751674907573734, 0.08694498846868434, 0.08647633186844458, 0.08605664331151779, 0.08570808167737651, 0.08556911672454283, 0.0855879442070622, 0.08471244802496519, 0.08439632051859994, 0.08393937299948141, 0.0836822214166084, 0.08323990032974496, 0.08307210077722389, 0.08248340818716819, 0.08219407458441803, 0.08184975426060608, 0.08154717904616551, 0.08155597925904286, 0.08114059992044804, 0.08090719836483519, 0.08053049862564328, 0.08031081879533918, 0.07993179339780865, 0.07935447865221874, 0.07943389237106564, 0.07888286556285548, 0.07858142261225057, 0.07835934742028455, 0.07805676282529371, 0.07772326384143657, 0.07741348203047212, 0.07697288804205067, 0.07690365836921945, 0.07656108426401415, 0.0761353875768472, 0.0759680389639843, 0.07589643973722515, 0.07556103650166328, 0.07510551460177066, 0.07462353425392185, 0.07424844496221428, 0.0740778377975326, 0.07398216659764209, 0.07347580826426127, 0.07344034991889115, 0.07280313331319625, 0.07279115363237369, 0.0724666439535388, 0.07210964633219213, 0.07185054992336824, 0.07178621424967985, 0.07097970191613738, 0.07076557635901923, 0.07060169756232974, 0.0700500588639673, 0.069816575755915, 0.06969521217137935, 0.06907741119524083, 0.06897209517388458, 0.0685717336923243, 0.06821680823004389, 0.06795988285756972, 0.0676483114261225, 0.06734806362045817, 0.06678783458219953, 0.06645447235689106, 0.06638839167643742, 0.06588101936840868, 0.06541400434202459, 0.06510922411479146, 0.06507314023483231, 0.06434583614569113, 0.06399927963783224, 0.06384120571864657, 0.06348794272326562, 0.06308159164815064, 0.06257330540971584, 0.06205920192850641, 0.06201275465000106, 0.06148638926356672, 0.06099831869444215, 0.06066643756376692, 0.06032289878790637, 0.05979761066117201, 0.0595981203109385, 0.059200777526361395, 0.05861437549612608, 0.058156296610832214, 0.057635595573179696, 0.05715187472930874, 0.05713076036737626, 0.05614456464817007, 0.05597275571830301, 0.05554644417870475, 0.055335258750850894, 0.05460441985492965, 0.05414925461792084, 0.05355273757174791, 0.05324279985962862, 0.05276776224105473, 0.052250613851180995, 0.05161285983869828, 0.05114741894943887, 0.050969982205564715, 0.05019453639187008, 0.0500085194965443, 0.04929253849458982, 0.04897966603916812, 0.04846776626914381, 0.04772371854857508, 0.047338214601917436, 0.04685803062944527, 0.04629421364291605, 0.04591227313840246, 0.04541022476392338, 0.044844565262277446, 0.04421804071101079, 0.043842960620321426, 0.04329219552497548, 0.042851086077560864, 0.04228127830807703, 0.04177192971110344, 0.041469428822936784, 0.04074078470648053, 0.040325015199830734, 0.03997538797557354, 0.03945042679916663, 0.03879704458796116, 0.0384099916162261, 0.03804697087371206, 0.03764235802802695, 0.03704515310475625, 0.03664459301585175, 0.03618076867816678, 0.03566334486366755, 0.035290613164564215, 0.03463035920657307, 0.034226781767175855, 0.03381264831377081, 0.03343843877405287, 0.03298243855586253, 0.03259102484009352, 0.03219558341226664, 0.03174753359193543, 0.031300751728016926, 0.030913712165082794, 0.030515739537147153, 0.03011562825595758, 0.0297261061573244, 0.0294438017734203, 0.02896333755139845, 0.028711040313523936, 0.028313729014382304, 0.027789815665637874, 0.0274292213101703, 0.02708265359277826, 0.0269150404282004, 0.026487757575260586, 0.02601380462208426, 0.025801303336419255, 0.025400564646774745, 0.025195983305842762],