{"seq_len": 32, "num_hidden": 2, "hidden_size": 256, "lr": 0.001, "batch_size": 128, "grad_clip": 10.0, "nb_epoch": 50, "optimizer": "SGD", "crit": "MSE", "weight_decay": 0.0001, "dropout": 0.3, "logger_level": 20, "fragment": 0.3, "train_losses": [0.09894982792774037, 0.09559740358261606, 0.09396742310506015, 0.0928678072277625, 0.0920925328330179, 0.09167665501485518, 0.09109512196114315, 0.09059370949340226, 0.0902333820060869, 0.0898895787458923, 0.08971488194998785, 0.08931792935534338, 0.08909065201504146, 0.08887094693567285, 0.08866583855457641, 0.0883099396324637, 0.08818697139396141, 0.08800156777677824, 0.0878277809251493, 0.08768970493096204, 0.0874171630296875, 0.08724428698345645, 0.08705439152729572, 0.08704152748213341, 0.08682849381736775, 0.08653867806322012, 0.0863884495355975, 0.08622056897261635, 0.08607279838778865, 0.08585863017556655, 0.08582021385880571, 0.08541626928739213, 0.08537513908728882, 0.08515477910562975, 0.08501272349052094, 0.0848337474405466, 0.08485649140486166, 0.08459307833682353, 0.08463565323820066, 0.08441209463617909, 0.08427801926681144, 0.08400840201794203, 0.08402207624822405, 0.08388994924312261, 0.08372020451866802, 0.08348108139169876, 0.08340306134529449, 0.08329586261630657, 0.08307977543029953, 0.08300327232584881], "test_losses": [0.13958131849765779, 0.1401233845949173, 0.13926122804482777, 0.13854983280102412, 0.13847933421532313, 0.13799741208553315, 0.1376982408761978, 0.13767265995343525, 0.13757641196250917, 0.13674597094456356, 0.13733248005310694, 0.13683943082888922, 0.13641669541597368, 0.1364841130375862, 0.13613239367802937, 0.13580737193425496, 0.13598595321178436, 0.1355492706100146, 0.13538280775149664, 0.13582818269729613, 0.1351349820693334, 0.13537940561771392, 0.13602327366669972, 0.13470085908969243, 0.13540728767712912, 0.1343915765484174, 0.13426768670479455, 0.1342847916483879, 0.1347018509109815, 0.1345531173547109, 0.13450387676556905, 0.1338477415839831, 0.1343578244249026, 0.13447268923123679, 0.1348621447881063, 0.1337055082122485, 0.13426700671513875, 0.1337962880730629, 0.13464017858107885, 0.13414384057124457, 0.13397113531827926, 0.1339226477344831, 0.1337658182779948, 0.13409556607405346, 0.13327795445919036, 0.13486412545045218, 0.13343593041102092, 0.13384141912062963, 0.13463838626941046, 0.13448833147684733]}