{"seq_len": 20, "num_hidden": 2, "hidden_size": 1024, "lr": 0.001, "batch_size": 128, "grad_clip": null, "nb_epoch": 100, "optimizer": "SGD", "crit": "MSE", "weight_decay": 0.0001, "dropout": 0.3, "logger_level": 20, "fragment": 1, "train_losses": [0.09221907532787896, 0.08729254684827707, 0.08533024592129318, 0.08375379860445901, 0.08248017988987155, 0.08138345152296282, 0.08032497375442817, 0.0793862167812951, 0.0785737255135098, 0.07783087270821, 0.07705774986081654, 0.07638992102922978, 0.07575174423309418, 0.07487461521281852, 0.07435295538971196, 0.07362243394974295, 0.07332477810884919, 0.07280449508815198, 0.07215456987308848, 0.07163806438625038, 0.0712526405604931, 0.07101491086923324, 0.07039892518551678, 0.06989081145764829, 0.06929941166069235, 0.06910068750963197, 0.06851946657618603, 0.06817741039301362, 0.0678160711116082, 0.06741513380663353, 0.06702279466184768, 0.0666466195013251, 0.06630728974960767, 0.06592228481764192, 0.06556061002518143, 0.06497753072563592, 0.06467009969503135, 0.0644783484204127, 0.06413286602174914, 0.06372931252818208, 0.06331682809860678, 0.0633199492765887, 0.0629503493485329, 0.062384672569217266, 0.06226044272942407, 0.062055703515449805, 0.061649999158965935, 0.06141093798406847, 0.06117051197132012, 0.060751816218679734, 0.06021642692208111, 0.060019152720008524, 0.059907023232799395, 0.05947376956587081, 0.05931340828090459, 0.0588056268086573, 0.05871162061822844, 0.05834343830856296, 0.058153065866804694, 0.05785052219892407, 0.05774060467274876, 0.057370507440812235, 0.057510878381741654, 0.0571457751867202, 0.05680548063515722, 0.05685204570111749, 0.05623719816630309, 0.05616818964145742, 0.05614306540550054, 0.05579859503284768, 0.055340706860204716, 0.0550702005602397, 0.054771473010381065, 0.05436990557758658, 0.05431024388440915, 0.054050365362215684, 0.054181291959486205, 0.053807111596828466, 0.053460719433050974, 0.05311913790556046, 0.05328761819783632, 0.053128111542568905, 0.052883307905392245, 0.05274763306765048, 0.05254705368286675, 0.05206197763124744, 0.05227762385195977, 0.05209521934188701, 0.05196244450280437, 0.05171386194457342, 0.05142546504422709, 0.05122577838107451, 0.05094937095838087, 0.05086338940124075, 0.05103234185448459, 0.05058855777074983, 0.050556936298494226, 0.05011145182669879, 0.04987589832585495, 0.05005414075813852], "test_losses": [0.15309851711988448, 0.1336564283967018, 0.13193095389008522, 0.13244670754671098, 0.13177131861448288, 0.13145871970057488, 0.13174601903557778, 0.13208706095814704, 0.13292801654338837, 0.12958499696850775, 0.13392159047722815, 0.1324890622794628, 0.1323405728340149, 0.13113663184642793, 0.13042083585262298, 0.13335988801717757, 0.12957833030819893, 0.13066745564341545, 0.13101829606294632, 0.13132657435536385, 0.13263985514640808, 0.1344841178059578, 0.13024789345264434, 0.13115032187104225, 0.1321647822856903, 0.13373145419359206, 0.13250266033411026, 0.13588308519124984, 0.13194029888510703, 0.13267758297920226, 0.12970478931069374, 0.13088823068141936, 0.13704841127991677, 0.1351780450940132, 0.13084229022264482, 0.1344463678896427, 0.13086755287647248, 0.1340555671751499, 0.13120008769631386, 0.13547932490706444, 0.13241562271118165, 0.13335606941580772, 0.12986030068993568, 0.1307420582473278, 0.1309241808652878, 0.13234163603186608, 0.1390136481821537, 0.13231143379211427, 0.13417637300491334, 0.13480591559410096, 0.1313365873992443, 0.13243984854221344, 0.13141209483146668, 0.13174108943343163, 0.13255207347869874, 0.1298388345837593, 0.13274014726281166, 0.13337932416796686, 0.13301332905888558, 0.1372197923362255, 0.13712617471814156, 0.131174044162035, 0.137012894064188, 0.13388882124423981, 0.1341056403517723, 0.1324205611050129, 0.1318948463499546, 0.13135094314813614, 0.13265951067209245, 0.13348842483758927, 0.13884544768929483, 0.1390028832554817, 0.13980432966351508, 0.13465459308028221, 0.1348417690694332, 0.13424208855628966, 0.13135584309697151, 0.13317358058691026, 0.13324287632107734, 0.13761813926696778, 0.1318130741119385, 0.13766407772898673, 0.12934721311926842, 0.13663919708132743, 0.13620492681860924, 0.1357729209959507, 0.1315207427442074, 0.13892665088176728, 0.13427301651239396, 0.13837729799747467, 0.13855291071534157, 0.1302382910847664, 0.13504543337225913, 0.13453064787387847, 0.1356135795414448, 0.13351337286829948, 0.13636533072590828, 0.14172470480203628, 0.13449779552221297, 0.13308561012148856]}