{"seq_len": 1, "num_hidden": 2, "hidden_size": 512, "lr": 0.0001, "batch_size": 64, "grad_clip": 1, "nb_epoch": 25, "optimizer": "RMSprop", "crit": "MSE", "weight_decay": 1e-05, "bidirect": true, "dropout": 0.3, "logger_level": 20, "fragment": 1, "features": "all", "overlapping": true, "model": "FC", "train_losses": [0.08414181671157181, 0.07266018390600205, 0.0673476508566204, 0.06434237932939837, 0.06229129390488223, 0.06076442936480975, 0.05965746447869868, 0.058765961691106615, 0.05796812246840533, 0.057405879517772415, 0.05691388462211746, 0.05651164716130375, 0.056210835771973965, 0.05588602235661052, 0.05555504740650732, 0.05537935250674519, 0.0551577916544459, 0.055022367564567215, 0.05484981618478684, 0.05468075476315788, 0.05457588403991132, 0.054399801178959095, 0.05434971031302112, 0.054233647363001805, 0.054152559287121496], "test_losses": [0.1331979741544183, 0.13477383552500552, 0.12890816122945212, 0.12984170554350194, 0.12887806676431868, 0.13076864796177767, 0.13155089281721571, 0.12776601767800674, 0.12864100425013492, 0.1301569237742225, 0.1299349429830168, 0.1268213952985957, 0.12871788175513682, 0.128368552366853, 0.13029480014537012, 0.12918913629550347, 0.12871332527332704, 0.12766027023967644, 0.12948164173492618, 0.13066322325356675, 0.12980079107267956, 0.1291607964939436, 0.1289894957221289, 0.12918315891539364, 0.12755887503652402]}