{"seq_len": 32, "num_hidden": 2, "hidden_size": 64, "lr": 0.001, "batch_size": 128, "grad_clip": 100.0, "nb_epoch": 50, "optimizer": "SGD", "crit": "MSE", "weight_decay": 0.0001, "dropout": 0.5, "logger_level": 20, "fragment": 0.3, "train_losses": [0.11539443249079451, 0.10345914113761193, 0.0998263239261493, 0.0981206279903201, 0.09720398575516802, 0.09657060276323827, 0.09563401648447142, 0.09487873963524948, 0.09444391120917833, 0.09400496729205002, 0.09367412265071917, 0.09358210082928739, 0.09319472807136613, 0.09306755119082916, 0.09285797968731453, 0.09273936052867515, 0.0926109692035009, 0.09249022082617535, 0.09235932921344911, 0.09226949322013998, 0.09231961301373477, 0.09202764295603162, 0.09204173095561752, 0.09183563183450219, 0.09175088518678244, 0.09163180517790905, 0.0916504042232456, 0.09147204020664321, 0.09134939807144242, 0.09138797650385143, 0.09131245708196008, 0.09119753764202847, 0.09121777106020319, 0.09111272719637234, 0.09111350014730914, 0.09099711436572386, 0.09094906497241265, 0.09087710704036693, 0.09085871612456575, 0.09084186613110441, 0.09067844782941904, 0.09086765547343834, 0.09074826744483344, 0.09061395934778242, 0.09048498186034773, 0.09068200366580906, 0.09040949429998446, 0.09039440043457789, 0.09039518334458221, 0.09035651333368004], "test_losses": [0.14623407423496246, 0.13813329100608826, 0.13959839562575022, 0.1414854140082995, 0.1427052414417267, 0.1434135302901268, 0.14384133905172347, 0.14189484079678855, 0.14213327288627625, 0.14206121484438577, 0.14257468233505885, 0.14196742554505667, 0.14168173283338548, 0.1432915354768435, 0.14228340913852056, 0.1437467109163602, 0.1423116103808085, 0.14285672704378763, 0.14345874975124995, 0.14323927829662958, 0.14377349545558293, 0.1437841193874677, 0.14315612137317657, 0.14212285935878755, 0.14191739002863565, 0.1408788679043452, 0.14259653349717458, 0.14085324118534723, 0.14277321646610897, 0.1404231842358907, 0.14087295512358347, 0.14190457433462142, 0.14031937817732493, 0.14250535666942596, 0.14122841914494833, 0.1405012751619021, 0.14064911454916001, 0.14054485460122426, 0.1405992838740349, 0.13932787805795668, 0.13999646961688994, 0.14054151982069016, 0.14079504519701003, 0.1415972176194191, 0.14087461441755295, 0.14018653700749079, 0.1407705980539322, 0.14019019563992818, 0.1409925170739492, 0.14086929321289063]}